Date,SPY
2015-01-05,-0.01822469007029471
2015-01-06,-0.009463652255622531
2015-01-07,0.012384428704385123
2015-01-08,0.017588934362235745
2015-01-09,-0.008045844296836703
2015-01-12,-0.007864041345744616
2015-01-13,-0.002816680844708039
2015-01-14,-0.006055511865784933
2015-01-15,-0.009202935695054868
2015-01-16,0.013028951186743716
2015-01-20,0.002130216509561672
2015-01-21,0.005035466200055396
2015-01-22,0.014761548458290188
2015-01-23,-0.00549804503187584
2015-01-26,0.002339147608907338
2015-01-27,-0.013278324022508906
2015-01-28,-0.012907126391426686
2015-01-29,0.009201056370820953
2015-01-30,-0.012654583183964042
2015-02-02,0.012307911969597065
2015-02-03,0.014357420053713576
2015-02-04,-0.003814829532391839
2015-02-05,0.010044347514020524
2015-02-06,-0.0027689274994216824
2015-02-09,-0.004486392388673431
2015-02-10,0.01059745678960096
2015-02-11,0.0005797145612929176
2015-02-12,0.009571024733014227
2015-02-13,0.004108233280594244
2015-02-17,0.0015714810973578748
2015-02-18,9.547630462956623e-05
2015-02-19,-0.0007145350938678686
2015-02-20,0.005982875513123055
2015-02-23,-0.0001420279760768396
2015-02-24,0.002836472271283815
2015-02-25,-0.0008499139102411625
2015-02-26,-0.0011817958372886362
2015-02-27,-0.0034121608266040903
2015-03-02,0.006293672724603712
2015-03-03,-0.004112566920934294
2015-03-04,-0.0042247082380659304
2015-03-05,0.0010938173542823155
2015-03-06,-0.014164677997498307
2015-03-09,0.0041362019478056395
2015-03-10,-0.016354533500604153
2015-03-11,-0.0023450585374310373
2015-03-12,0.012634124629067463
2015-03-13,-0.006151124128937469
2015-03-16,0.013272042130306843
2015-03-17,-0.0029767450474899753
2015-03-18,0.011949770504780808
2015-03-19,-0.004571761787363859
2015-03-20,0.008787665828225617
2015-03-23,-0.0019499662563788136
2015-03-24,-0.005634912652102668
2015-03-25,-0.014762621257778502
2015-03-26,-0.002383999338674478
2015-03-27,0.002286928465598736
2015-03-30,0.012126061479013534
2015-03-31,-0.008778095099320052
2015-04-01,-0.003542404615391549
2015-04-02,0.0035910462617908174
2015-04-06,0.006710662914099228
2015-04-07,-0.002649868184463631
2015-04-08,0.0033711495808364665
2015-04-09,0.004413817647521121
2015-04-10,0.005442604442300715
2015-04-13,-0.004533605386472725
2015-04-14,0.001911304431399929
2015-04-15,0.0044771636813083935
2015-04-16,-0.000285301045670316
2015-04-17,-0.011570039247116528
2015-04-20,0.009095504449658535
2015-04-21,-0.0011920540156096255
2015-04-22,0.0049020439688230244
2015-04-23,0.0025131982226346194
2015-04-24,0.002317664666884749
2015-04-27,-0.004166544805556484
2015-04-28,0.0031739176187953236
2015-04-29,-0.004123615109977405
2015-04-30,-0.010070549038449022
2015-05-01,0.010782884880033107
2015-05-04,0.00284332265447602
2015-05-05,-0.011517900367461989
2015-05-06,-0.004125150135186428
2015-05-07,0.003981729137393371
2015-05-08,0.013080347816743861
2015-05-11,-0.004784568496065409
2015-05-12,-0.0029958474370550396
2015-05-13,0.00019065056519691986
2015-05-14,0.010373348228635608
2015-05-15,0.0010836520885814688
2015-05-18,0.003101886994104253
2015-05-19,-0.00032851525642866415
2015-05-20,-0.000704608739225866
2015-05-21,0.002908409556210885
2015-05-22,-0.002391498276514922
2015-05-26,-0.010810044202944711
2015-05-27,0.009447534517388842
2015-05-28,-0.0011289819219412326
2015-05-29,-0.006232635869979255
2015-06-01,0.0020348101706979564
2015-06-02,-0.0009931766455595732
2015-06-03,0.0026457325789139815
2015-06-04,-0.00848205218965712
2015-06-05,-0.0017147745182305857
2015-06-08,-0.006168309730449139
2015-06-09,-0.00014432746338486165
2015-06-10,0.011921754069083784
2015-06-11,0.003218489287100319
2015-06-12,-0.00768424244681207
2015-06-15,-0.004294481278160454
2015-06-16,0.005436626676723178
2015-06-17,0.0016159405189374127
2015-06-18,0.010345413710957551
2015-06-19,-0.004449050693909892
2015-06-22,0.005110286347327518
2015-06-23,0.000707408551532523
2015-06-24,-0.007289442353447967
2015-06-25,-0.003044626404838866
2015-06-26,-0.00019057002867333987
2015-06-29,-0.021193549912780406
2015-06-30,0.0020913439914708
2015-07-01,0.007983188626830172
2015-07-02,-0.0009161222078099666
2015-07-06,-0.0028499102634596254
2015-07-07,0.006269216271489207
2015-07-08,-0.01691986346121907
2015-07-09,0.001807597163265841
2015-07-10,0.012512762376147856
2015-07-13,0.010976746623744274
2015-07-14,0.004328776484960183
2015-07-15,-0.0003324186204498677
2015-07-16,0.00799227612169464
2015-07-17,0.0008477431351542159
2015-07-20,0.0005171855816891166
2015-07-21,-0.003958977328717127
2015-07-22,-0.0017960866551793731
2015-07-23,-0.005646083668303353
2015-07-24,-0.010426001024201291
2015-07-27,-0.005834288595649413
2015-07-28,0.012208003079664789
2015-07-29,0.006855781799958427
2015-07-30,0.0002370248444388434
2015-07-31,-0.0015191479292264666
2015-08-03,-0.003378169601338573
2015-08-04,-0.001956309436041016
2015-08-05,0.00328946674691387
2015-08-06,-0.008220898486331178
2015-08-07,-0.001922053182101524
2015-08-10,0.01252073013818244
2015-08-11,-0.009064128407280997
2015-08-12,0.0011972652875475655
2015-08-13,-0.0012450664410729923
2015-08-14,0.003635217853401818
2015-08-17,0.005571879160694162
2015-08-18,-0.0029011549154354596
2015-08-19,-0.007937110748848236
2015-08-20,-0.02110245900292451
2015-08-21,-0.030564589143857176
2015-08-24,-0.04301916010106601
2015-08-25,-0.01183744584934832
2015-08-26,0.03767519131642426
2015-08-27,0.02443391759125156
2015-08-28,5.04209529750376e-05
2015-08-31,-0.008112271216543456
2015-09-01,-0.03030173290405508
2015-09-02,0.018803024884345255
2015-09-03,0.0007158524829494393
2015-09-04,-0.015252283156627635
2015-09-08,0.024820676148933705
2015-09-09,-0.013462140368640461
2015-09-10,0.005426901353374369
2015-09-11,0.004533967408144011
2015-09-14,-0.003717475707210059
2015-09-15,0.012422231815516036
2015-09-16,0.008629271049956913
2015-09-17,-0.0022506103165037014
2015-09-18,-0.016476317019409468
2015-09-21,0.00515425330501797
2015-09-22,-0.013064651695452494
2015-09-23,-0.0016002057962307063
2015-09-24,-0.003622382663851911
2015-09-25,-0.00025893421105950803
2015-09-28,-0.02541790496723068
2015-09-29,0.0005852318156917527
2015-09-30,0.018486515309639504
2015-10-01,0.002605522143329029
2015-10-02,0.014827495640181931
2015-10-05,0.017638346147421775
2015-10-06,-0.0034325375509884825
2015-10-07,0.00815746491681067
2015-10-08,0.00898624025688828
2015-10-09,0.000595955930289167
2015-10-12,0.0009435939206078975
2015-10-13,-0.006321935872874814
2015-10-14,-0.004805549905940274
2015-10-15,0.015237568041332278
2015-10-16,0.0045361945940412774
2015-10-19,0.0004917122057710992
2015-10-20,-0.001279080483572906
2015-10-21,-0.006222589632548762
2015-10-22,0.016752519744758197
2015-10-23,0.010901665947727882
2015-10-26,-0.0024604634634586343
2015-10-27,-0.001934103239778256
2015-10-28,0.01131026609765282
2015-10-29,-0.0005745649867976351
2015-10-30,-0.004318654165649417
2015-11-02,0.01176124686776687
2015-11-03,0.00289496580369259
2015-11-04,-0.0030376796456758883
2015-11-05,-0.0009985279233482055
2015-11-06,-0.0005237792333132615
2015-11-09,-0.009375226655741493
2015-11-10,0.002304199232965727
2015-11-11,-0.00393942719702343
2015-11-12,-0.014058555352719378
2015-11-13,-0.011291638525225108
2015-11-16,0.015092297739761344
2015-11-17,-0.0007293626531986731
2015-11-18,0.01574120154810722
2015-11-19,-0.0008627929832632122
2015-11-20,0.003637841019976065
2015-11-23,-0.001147133667108582
2015-11-24,0.0013383106997971112
2015-11-25,-0.000143509820797226
2015-11-27,0.0011461990850234584
2015-11-30,-0.0041605720922554415
2015-12-01,0.009490642878760504
2015-12-02,-0.010257466828744002
2015-12-03,-0.014101970719915978
2015-12-04,0.01931516851532676
2015-12-07,-0.006076731116939385
2015-12-08,-0.006742289090656046
2015-12-09,-0.007810317173087587
2015-12-10,0.0025781492651757803
2015-12-11,-0.019571628681168997
2015-12-14,0.005039942212146515
2015-12-15,0.010442915448114097
2015-12-16,0.014526136246169063
2015-12-17,-0.015355890018605718
2015-12-18,-0.01797517069859735
2015-12-21,0.008215372758934731
2015-12-22,0.009033153710714212
2015-12-23,0.012307188646496861
2015-12-24,-0.00165158089507066
2015-12-28,-0.0022875581963917534
2015-12-29,0.010615191784512356
2015-12-30,-0.007112949802647694
2015-12-31,-0.010053649072064757
2016-01-04,-0.014078094717724947
2016-01-05,0.001689745087594501
2016-01-06,-0.012694215431059678
2016-01-07,-0.02428415707299268
2016-01-08,-0.011037153418510129
2016-01-11,0.000989447063562259
2016-01-12,0.008035870130393002
2016-01-13,-0.025256550873991503
2016-01-14,0.01628357249171473
2016-01-15,-0.02170060246351852
2016-01-19,0.0013304725245322413
2016-01-20,-0.012897580316838382
2016-01-21,0.0055860451130347235
2016-01-22,0.020307972435606662
2016-01-25,-0.015232141665825065
2016-01-26,0.013551041143385128
2016-01-27,-0.0109431406366423
2016-01-28,0.005195772960086783
2016-01-29,0.024085002365282923
2016-02-01,-0.0003615474137698131
2016-02-02,-0.0181867925101539
2016-02-03,0.005977362078338011
2016-02-04,0.001566781348422226
2016-02-05,-0.01923371436347253
2016-02-08,-0.013552625886742392
2016-02-09,5.388071981261874e-05
2016-02-10,-0.0008630262366166341
2016-02-11,-0.013093675510104437
2016-02-12,0.020407608895795064
2016-02-16,0.016737401999765103
2016-02-17,0.016202909543040173
2016-02-18,-0.004104312839207282
2016-02-19,-0.00046877589657737446
2016-02-22,0.014375359479251115
2016-02-23,-0.0127101941907489
2016-02-24,0.004565029056603114
2016-02-25,0.012039271528587248
2016-02-26,-0.002303990587077556
2016-02-29,-0.007873214862238747
2016-03-01,0.023234932781685907
2016-03-02,0.004482202172309814
2016-03-03,0.003911889861261433
2016-03-04,0.003248213861599371
2016-03-07,0.0007981362922247036
2016-03-08,-0.010977925083114149
2016-03-09,0.00492775234211851
2016-03-10,0.0008017025378132264
2016-03-11,0.01600846591607461
2016-03-14,-0.0012832010790160124
2016-03-15,-0.0016313423805541037
2016-03-16,0.005770950583913754
2016-03-17,0.006324161419530405
2016-03-18,0.003921825499269247
2016-03-21,0.0014178026912397745
2016-03-22,-0.0005374261745891449
2016-03-23,-0.006621661092591211
2016-03-24,-0.00044279420524811466
2016-03-28,0.0005905849727762977
2016-03-29,0.009207453976481912
2016-03-30,0.004378335385583976
2016-03-31,-0.0024299149672801323
2016-04-01,0.006788641939776366
2016-04-04,-0.003243232092969057
2016-04-05,-0.010038060447789897
2016-04-06,0.010862307583573254
2016-04-07,-0.01203841472026099
2016-04-08,0.0026932341868081463
2016-04-11,-0.002349673899633305
2016-04-12,0.009269391688198278
2016-04-13,0.010050501997035423
2016-04-14,4.830462455388136e-05
2016-04-15,-0.0011067440883039317
2016-04-18,0.007002177148462296
2016-04-19,0.003149350462751022
2016-04-20,0.0009528845927947075
2016-04-21,-0.005393399380341848
2016-04-22,0.0
2016-04-25,-0.0017244087566772022
2016-04-26,0.0014851786559083315
2016-04-27,0.0020560614411299677
2016-04-28,-0.00911743328197537
2016-04-29,-0.00541344104343752
2016-05-02,0.007916974660109273
2016-05-03,-0.00874097035399513
2016-05-04,-0.005594161711374807
2016-05-05,-0.00019500634491226155
2016-05-06,0.003652506745751201
2016-05-09,0.0008260198185079853
2016-05-10,0.012357315119709007
2016-05-11,-0.009398837459611958
2016-05-12,0.0002905026998732832
2016-05-13,-0.008752354286636722
2016-05-16,0.009816780389294304
2016-05-17,-0.0093774440324463
2016-05-18,0.00029293016813191947
2016-05-19,-0.0034711030513535405
2016-05-20,0.006297382327486755
2016-05-23,-0.001363265161857611
2016-05-24,0.012878886138402622
2016-05-25,0.006760078823441406
2016-05-26,0.000286816425690568
2016-05-27,0.004290005788119437
2016-05-31,-0.0019042926052026906
2016-06-01,0.0020471418815603366
2016-06-02,0.0030389290480619404
2016-06-03,-0.002991317156897375
2016-06-06,0.005075284582819861
2016-06-07,0.00155993907315563
2016-06-08,0.0032545423021072945
2016-06-09,-0.001366616352095317
2016-06-10,-0.00952253279606258
2016-06-13,-0.007741456745981114
2016-06-14,-0.001968696231481676
2016-06-15,-0.00139525284229547
2016-06-16,0.0029799045672415153
2016-06-17,-0.00373078066071648
2016-06-20,0.006418930311681782
2016-06-21,0.0028348729816132733
2016-06-22,-0.0016326421899185493
2016-06-23,0.012938587871748843
2016-06-24,-0.036569709981371
2016-06-27,-0.01807218820007465
2016-06-28,0.017875178871552568
2016-06-29,0.016884604468194606
2016-06-30,0.013552916396981082
2016-07-01,0.0020986847020764065
2016-07-05,-0.007219477494962597
2016-07-06,0.005979831449027718
2016-07-07,-0.0006199723065669253
2016-07-08,0.014780503363074456
2016-07-11,0.003520605869849425
2016-07-12,0.007237282093397561
2016-07-13,-0.00013993271834391268
2016-07-14,0.005567918078230979
2016-07-15,-0.0013425754936451364
2016-07-18,0.0026840958684560194
2016-07-19,-0.0010174888698154525
2016-07-20,0.0041544472017701955
2016-07-21,-0.0037843841621510396
2016-07-22,0.0044751308649953955
2016-07-25,-0.002719385222777666
2016-07-26,0.0004611001594034775
2016-07-27,-0.0010615599013194795
2016-07-28,0.0011537048426500957
2016-07-29,0.001613432428021033
2016-08-01,-0.0008291805998811831
2016-08-02,-0.006427836213744912
2016-08-03,0.002918211303211109
2016-08-04,0.0010638081696383672
2016-08-05,0.008145138373334396
2016-08-08,-0.0005959193825836229
2016-08-09,0.0005959193825837108
2016-08-10,-0.0024778262467534938
2016-08-11,0.004629736743211295
2016-08-12,-0.0008692119426433679
2016-08-15,0.0028796409186094283
2016-08-16,-0.0051710771311024506
2016-08-17,0.0018793928958591249
2016-08-18,0.002241468397831544
2016-08-19,-0.0014628787766022724
2016-08-22,-4.614907488117675e-05
2016-08-23,0.0020113679082903683
2016-08-24,-0.00512803424620274
2016-08-25,-0.0006888942746565336
2016-08-26,-0.0018847706372482423
2016-08-29,0.004911951789583187
2016-08-30,-0.0016499490227771419
2016-08-31,-0.0028479943413476394
2016-09-01,4.606360346174829e-05
2016-09-02,0.004497818674548998
2016-09-06,0.0030179065429804517
2016-09-07,-9.135768195033347e-05
2016-09-08,-0.0022859209778934146
2016-09-09,-0.02422586550023108
2016-09-12,0.014245328077533937
2016-09-13,-0.014479602590962239
2016-09-14,-0.00037517192493754457
2016-09-15,0.009943276391000282
2016-09-16,-0.0038729797674162117
2016-09-19,0.00018759577692220082
2016-09-20,4.660115169151157e-05
2016-09-21,0.0111829685339942
2016-09-22,0.0062813858019423775
2016-09-23,-0.005494175224819855
2016-09-26,-0.008135374302915497
2016-09-27,0.00618892188663997
2016-09-28,0.004951234986891256
2016-09-29,-0.00908872595803476
2016-09-30,0.007517919476709173
2016-10-03,-0.0024066874132421786
2016-10-04,-0.005111232063466966
2016-10-05,0.00441575224506271
2016-10-06,0.0006954798184044084
2016-10-07,-0.003435332961928399
2016-10-10,0.005194800558070626
2016-10-11,-0.012710169385652526
2016-10-12,0.0013112295588726833
2016-10-13,-0.003280884907566427
2016-10-14,0.0005162989378398872
2016-10-17,-0.003478452908566281
2016-10-18,0.0062430388782928345
2016-10-19,0.0026636433230991753
2016-10-20,-0.0018684967263906773
2016-10-21,0.00046738912044181095
2016-10-24,0.004243646643163764
2016-10-25,-0.0033560422610966205
2016-10-26,-0.002010122427073914
2016-10-27,-0.0026701320134933
2016-10-28,-0.0029599276140192194
2016-10-31,4.7211195686884597e-05
2016-11-01,-0.0072719079308731765
2016-11-02,-0.006036590715104014
2016-11-03,-0.00458767367927941
2016-11-04,-0.0011022901030526117
2016-11-07,0.02181744696348905
2016-11-08,0.0044937446381949735
2016-11-09,0.010546089645635946
2016-11-10,0.002492626926879343
2016-11-11,-0.0023077228188992595
2016-11-14,0.0007855229729363187
2016-11-15,0.007772241948269818
2016-11-16,-0.0018800358627509954
2016-11-17,0.005127658782615387
2016-11-18,-0.0022399581108594174
2016-11-21,0.007522824191988857
2016-11-22,0.0019513279196666069
2016-11-23,0.000543810130289393
2016-11-25,0.003708544294974691
2016-11-28,-0.004705917224532779
2016-11-29,0.0019485716819325851
2016-11-30,-0.0024021785433945325
2016-12-01,-0.0036820621325446903
2016-12-02,0.0005007152135545414
2016-12-05,0.005990801569711803
2016-12-06,0.003162133908610246
2016-12-07,0.012996275820409998
2016-12-08,0.002445603683929354
2016-12-09,0.0060223473687509394
2016-12-12,-0.0011483011347270863
2016-12-13,0.0066513347227726265
2016-12-14,-0.008288160240312552
2016-12-15,0.004108700916965508
2016-12-16,-0.001957830896362289
2016-12-19,0.0021750875926027364
2016-12-20,0.0038504487572190845
2016-12-21,-0.0027868473815577974
2016-12-22,-0.001728720784709556
2016-12-23,0.0014630246048034882
2016-12-27,0.002477846941574194
2016-12-28,-0.008298849799721873
2016-12-29,-0.00022285262986859554
2016-12-30,-0.003661823515957817
2017-01-03,0.007621146502596496
2017-01-04,0.005931525085022912
2017-01-05,-0.0007944490221811647
2017-01-06,0.0035711135942201907
2017-01-09,-0.003306461847609427
2017-01-10,0.0
2017-01-11,0.002822295508491234
2017-01-12,-0.0025130500325165174
2017-01-13,0.0022926911666008385
2017-01-17,-0.0035297773895092478
2017-01-18,0.0022076974976316
2017-01-19,-0.003711463366937619
2017-01-20,0.0036674681151355006
2017-01-23,-0.002605654850043169
2017-01-24,0.006391142522703456
2017-01-25,0.008618360072228416
2017-01-26,-0.0010462185000861934
2017-01-27,-0.0015707638621951531
2017-01-30,-0.006220863134687541
2017-01-31,-8.815030910492254e-05
2017-02-01,0.00039552539835364703
2017-02-02,0.0006588874814314788
2017-02-03,0.006869171874472396
2017-02-06,-0.0017892444285886335
2017-02-07,4.3574396109702235e-05
2017-02-08,0.001309596101958506
2017-02-09,0.005915081200551064
2017-02-10,0.003938631537036287
2017-02-13,0.005427865415806345
2017-02-14,0.003987056368117329
2017-02-15,0.005206768273233229
2017-02-16,-0.000851608906298796
2017-02-17,0.0015751252694551163
2017-02-21,0.0059372820561006175
2017-02-22,-0.0008882469109713118
2017-02-23,0.0006770880406375663
2017-02-24,0.0012680812027904655
2017-02-27,0.001561620931195931
2017-02-28,-0.0027029115445857278
2017-03-01,0.013900422997873665
2017-03-02,-0.006316976967925437
2017-03-03,0.0006291488354861984
2017-03-06,-0.002982727006188307
2017-03-07,-0.002991126947631094
2017-03-08,-0.0018580161575250268
2017-03-09,0.0012672137813786047
2017-03-10,0.003497919517018105
2017-03-13,0.0005047726009029256
2017-03-14,-0.00383394129845083
2017-03-15,0.008616207849567662
2017-03-16,-0.001968768454775554
2017-03-17,-0.0017577503601676331
2017-03-20,-0.001097398785255059
2017-03-21,-0.012922960903355426
2017-03-22,0.002350570517485704
2017-03-23,-0.001067769959524376
2017-03-24,-0.0007264366266736088
2017-03-27,-0.0010267188941181311
2017-03-28,0.007250163329224724
2017-03-29,0.0009347465366283487
2017-03-30,0.0031789652585127843
2017-03-31,-0.002330252576453918
2017-04-03,-0.001740951779035405
2017-04-04,0.0006371701050499252
2017-04-05,-0.0029770903698143297
2017-04-06,0.0028073079531405138
2017-04-07,-0.0010199003639926104
2017-04-10,0.0005951682369504343
2017-04-11,-0.0011904657494641046
2017-04-12,-0.00439170505995463
2017-04-13,-0.006515955649953225
2017-04-17,0.008820797770279361
2017-04-18,-0.0029887322517458117
2017-04-19,-0.0018402047689833982
2017-04-20,0.00810626570982173
2017-04-21,-0.0031921942266033595
2017-04-24,0.010937933928955859
2017-04-25,0.005801893415059401
2017-04-26,-0.000628967408975611
2017-04-27,0.0008386092715627493
2017-04-28,-0.0021818337976495317
2017-05-01,0.0025169476435711975
2017-05-02,0.00037697048536988227
2017-05-03,-0.0012152246794163769
2017-05-04,0.0011734035572166846
2017-05-05,0.0039292277205200616
2017-05-08,-0.00016694030046070286
2017-05-09,-0.000918449103069248
2017-05-10,0.0017942807364151258
2017-05-11,-0.0020447525277588648
2017-05-12,-0.0016724506334424166
2017-05-15,0.005508343636554364
2017-05-16,-0.0009160017676602191
2017-05-17,-0.017903171357724013
2017-05-18,0.004020364943510881
2017-05-19,0.0064831205574428135
2017-05-22,0.0050643522095172346
2017-05-23,0.002210402708178765
2017-05-24,0.002330036678578217
2017-05-25,0.004768130813148976
2017-05-26,-0.00020660948257755432
2017-05-30,-0.0008692343946567737
2017-05-31,-0.00024840801641043663
2017-06-01,0.007920711131184307
2017-06-02,0.003322952024702749
2017-06-05,-0.0007373997820677977
2017-06-06,-0.0032022294050077964
2017-06-07,0.0018488193816936479
2017-06-08,0.0004920847423168541
2017-06-09,-0.0015185832702473746
2017-06-12,-0.00020564369139035554
2017-06-13,0.004878005714651674
2017-06-14,-0.001268393763029045
2017-06-15,-0.0019264913622093933
2017-06-16,0.0002187562072114023
2017-06-19,0.008290462102879523
2017-06-20,-0.006766792479197582
2017-06-21,-0.0002470391353549291
2017-06-22,-0.0004529793006937853
2017-06-23,0.001193841486905188
2017-06-26,0.0006578351355078588
2017-06-27,-0.008089090493578031
2017-06-28,0.008910830406637723
2017-06-29,-0.008827827457366615
2017-06-30,0.0018626614546770467
2017-07-03,0.0016944547473435486
2017-07-05,0.0023092241371179857
2017-07-06,-0.009186588974440343
2017-07-07,0.006464190448328662
2017-07-10,0.0010735073757217196
2017-07-11,-0.0007430411971744312
2017-07-12,0.007486414257179711
2017-07-13,0.0016791929501033351
2017-07-14,0.004653020731434984
2017-07-17,-0.00012190750438726295
2017-07-18,0.0005292781960079814
2017-07-19,0.005399272812114942
2017-07-20,0.00044529875833285376
2017-07-21,-0.0008907247826222603
2017-07-24,-0.0002430950319378254
2017-07-25,0.0024277274575149966
2017-07-26,4.087107616952701e-05
2017-07-27,-0.0009300884694598782
2017-07-28,-0.0011741029876227264
2017-07-31,-0.0005668654166528992
2017-08-01,0.002226139265753112
2017-08-02,0.0004851484421549626
2017-08-03,-0.0019418654026668112
2017-08-04,0.0018206713172154757
2017-08-07,0.0018573818772512993
2017-08-08,-0.00246399874696826
2017-08-09,-4.040213975673708e-05
2017-08-10,-0.014215754780268163
2017-08-11,0.0014758259396510215
2017-08-14,0.009864348169256331
2017-08-15,-0.00012192140457170757
2017-08-16,0.0017428745938622748
2017-08-17,-0.015713403127196896
2017-08-18,-0.0015646870851713473
2017-08-21,0.0007825772946780378
2017-08-22,0.010402681039939236
2017-08-23,-0.0035918424682284712
2017-08-24,-0.002333460850475381
2017-08-25,0.002333460850475251
2017-08-28,4.1061883278975445e-05
2017-08-29,0.0011441012261158407
2017-08-30,0.004726299240088528
2017-08-31,0.005998246541903942
2017-09-01,0.0014129391458734583
2017-09-05,-0.007208173260971431
2017-09-06,0.0034081584398272195
2017-09-07,-0.00012145918577402732
2017-09-08,-0.0011751039868216685
2017-09-11,0.010609122197256756
2017-09-12,0.0033651512050948467
2017-09-13,0.0004797125354664571
2017-09-14,-0.0003199933880833232
2017-09-15,0.0013453317771253493
2017-09-18,0.0021246242734706587
2017-09-19,0.001000520341411606
2017-09-20,0.00036020509090580887
2017-09-21,-0.002683025396132456
2017-09-22,0.0002005330627990044
2017-09-25,-0.0020465124269571887
2017-09-26,0.0006023791843989156
2017-09-27,0.0038866635342368594
2017-09-28,0.0011991440552053664
2017-09-29,0.003508586105608045
2017-10-02,0.0043294433301091124
2017-10-03,0.0021378155124852504
2017-10-04,0.0011859641417946132
2017-10-05,0.005907373736639719
2017-10-06,-0.0011393464168787848
2017-10-09,-0.0016525350599167327
2017-10-10,0.0026345684461463684
2017-10-11,0.0015700996853946004
2017-10-12,-0.0014911313507295564
2017-10-13,0.001216325957429422
2017-10-16,0.0013327620241515273
2017-10-17,0.0007049338510923867
2017-10-18,0.000978012033022975
2017-10-19,0.000273841427580032
2017-10-20,0.005147139260359935
2017-10-23,-0.003896919189653962
2017-10-24,0.0017555986863476707
2017-10-25,-0.004962606068749213
2017-10-26,0.001291896849968002
2017-10-27,0.008143007638444484
2017-10-30,-0.003732136367033733
2017-10-31,0.0015567442495266653
2017-11-01,0.0013212314607978447
2017-11-02,0.0003882774713200386
2017-11-03,0.0033332884604704576
2017-11-06,0.0015463772119069358
2017-11-07,-0.0006957257974720318
2017-11-08,0.001699741878343499
2017-11-09,-0.0036343157505112807
2017-11-10,-0.00031003375663854926
2017-11-13,0.0009292044239561281
2017-11-14,-0.0023249708985207964
2017-11-15,-0.005017952914648725
2017-11-16,0.008465152794803449
2017-11-17,-0.002942816604048627
2017-11-20,0.0017047379029738144
2017-11-21,0.006521298116816977
2017-11-22,-0.000885000754705192
2017-11-24,0.0023070912279706084
2017-11-27,-0.000499203452682711
2017-11-28,0.01009387808599065
2017-11-29,-0.0006090720004075194
2017-11-30,0.008716931506148084
2017-12-01,-0.0020774867107018176
2017-12-04,-0.0012107879379585976
2017-12-05,-0.0036031500269845798
2017-12-06,0.00018995301275341782
2017-12-07,0.0031480795983403888
2017-12-08,0.005438212597012363
2017-12-11,0.0030085791508665
2017-12-12,0.0017630026634605997
2017-12-13,-0.00011244205390497794
2017-12-14,-0.004094365923972472
2017-12-15,0.00829289038564259
2017-12-18,0.006321463510196708
2017-12-19,-0.0038479822678267007
2017-12-20,-0.000523965648379216
2017-12-21,0.0020573879869452616
2017-12-22,-0.00026154708431847494
2017-12-26,-0.0011971941127622366
2017-12-27,0.00048659190552422145
2017-12-28,0.0020554182752635735
2017-12-29,-0.0037776331557182
2018-01-02,0.007131782223543854
2018-01-03,0.006305296808926577
2018-01-04,0.004205826553361229
2018-01-05,0.006642043628226583
2018-01-08,0.0018270713754019998
2018-01-09,0.0022606687344333205
2018-01-10,-0.0015309767539695822
2018-01-11,0.007269420385672931
2018-01-12,0.006497950870731503
2018-01-16,-0.0034239416257885787
2018-01-17,0.00948647566884127
2018-01-18,-0.0016824431397298363
2018-01-19,0.004539085240620975
2018-01-22,0.008098305449354882
2018-01-23,0.0021204874937016394
2018-01-24,-0.00038850653234552833
2018-01-25,0.0004236003051187725
2018-01-26,0.011511105154261141
2018-01-29,-0.0066519140856626125
2018-01-30,-0.010309715105916587
2018-01-31,0.0004964569726202599
2018-02-01,-0.0011358001586176272
2018-02-02,-0.022010198396605504
2018-02-05,-0.04272230247793893
2018-02-06,0.019510584082536198
2018-02-07,-0.005439777779461127
2018-02-08,-0.03823045881425663
2018-02-09,0.014909914826707199
2018-02-12,0.014577686044239556
2018-02-13,0.002484243655985195
2018-02-14,0.013406157638254361
2018-02-15,0.012679259536147989
2018-02-16,0.0002930449954514158
2018-02-20,-0.006280916316976287
2018-02-21,-0.004986727220635435
2018-02-22,0.001295344925398539
2018-02-23,0.01581352830308297
2018-02-26,0.011545561099208599
2018-02-27,-0.012565298959433221
2018-02-28,-0.010181847717975291
2018-03-01,-0.01464748682297538
2018-03-02,0.005142082397974097
2018-03-05,0.011491568664542647
2018-03-06,0.002531806036683445
2018-03-07,-0.0003665647155810416
2018-03-08,0.0048271200119609815
2018-03-09,0.01725255262971759
2018-03-12,-0.001255665674251833
2018-03-13,-0.006483657031799194
2018-03-14,-0.005144706124218528
2018-03-15,-0.0010902957253028417
2018-03-16,0.0010840453897023932
2018-03-19,-0.013622491053850357
2018-03-20,0.0016988025247711071
2018-03-21,-0.0019208460875066592
2018-03-22,-0.025315106224452648
2018-03-23,-0.021545161567276597
2018-03-26,0.026991658004405575
2018-03-27,-0.0171580991785925
2018-03-28,-0.002959235807085669
2018-03-29,0.012696641915414803
2018-04-02,-0.021820949386752712
2018-04-03,0.01273547155513869
2018-04-04,0.01064207895833523
2018-04-05,0.007861440957690445
2018-04-06,-0.022538119176955793
2018-04-09,0.004916353600321102
2018-04-10,0.01577557385466869
2018-04-11,-0.005256233673937793
2018-04-12,0.008193156530915227
2018-04-13,-0.0029369228569774567
2018-04-16,0.008188068434137632
2018-04-17,0.010641549383160278
2018-04-18,0.0007396288499588775
2018-04-19,-0.0055630434446405225
2018-04-20,-0.008515676786199439
2018-04-23,-0.00014955026665252136
2018-04-24,-0.013559054135389662
2018-04-25,0.002468549713400161
2018-04-26,0.01011446937513826
2018-04-27,0.0009383679714491236
2018-04-30,-0.00772012142399895
2018-05-01,0.001775199623549442
2018-05-02,-0.0067401998656305435
2018-05-03,-0.0022064376867298166
2018-05-04,0.012863692185284019
2018-05-07,0.0033775408670757086
2018-05-08,0.0
2018-05-09,0.009619269110397581
2018-05-10,0.009307064629192365
2018-05-11,0.0030468711988120597
2018-05-14,0.0004761854257166503
2018-05-15,-0.006910729508018318
2018-05-16,0.004196348968006506
2018-05-17,-0.0008454612026621563
2018-05-18,-0.0025025261657620453
2018-05-21,0.007490071793030744
2018-05-22,-0.002783909669015562
2018-05-23,0.0027473062184458787
2018-05-24,-0.0020505384283603305
2018-05-25,-0.0023854715792565894
2018-05-29,-0.01156793496561711
2018-05-30,0.013256638754788249
2018-05-31,-0.006144990852361036
2018-06-01,0.00977015721471836
2018-06-04,0.004740134111623303
2018-06-05,0.0007270869729961823
2018-06-06,0.008325719673975095
2018-06-07,-0.00010778204807744882
2018-06-08,0.00295172290882066
2018-06-11,0.0013290830178058215
2018-06-12,0.0012918795523859498
2018-06-13,-0.003196189825244527
2018-06-14,0.0025145914637993054
2018-06-15,-0.0012766540996255007
2018-06-18,-0.002058618064394574
2018-06-19,-0.0038403795156898234
2018-06-20,0.0017047012720107664
2018-06-21,-0.006288542476915851
2018-06-22,0.0018212421253262418
2018-06-25,-0.013706168122266965
2018-06-26,0.002211607398372501
2018-06-27,-0.008318853536379994
2018-06-28,0.005701237781303341
2018-06-29,0.0014387005226436215
2018-07-02,0.0021356664436619345
2018-07-03,-0.0035375948903796327
2018-07-05,0.008124937182929637
2018-07-06,0.008422889005464092
2018-07-09,0.00896382717057172
2018-07-10,0.0035920111399064063
2018-07-11,-0.007341440421993306
2018-07-12,0.009025624362137137
2018-07-13,0.0007865403168841419
2018-07-16,-0.0008943177014743509
2018-07-17,0.004037010769342858
2018-07-18,0.0021014488143777568
2018-07-19,-0.0037784686870453313
2018-07-20,-0.0011437740181085673
2018-07-23,0.0018578152518542775
2018-07-24,0.005019192223742219
2018-07-25,0.00848668335094606
2018-07-26,-0.0023622128070907617
2018-07-27,-0.006799170683431599
2018-07-30,-0.005237046367474117
2018-07-31,0.0049170765879232225
2018-08-01,-0.0016723187026194465
2018-08-02,0.005433324952862608
2018-08-03,0.004275443819361543
2018-08-06,0.0036607258477536256
2018-08-07,0.003296511155880759
2018-08-08,-0.0004201110096466142
2018-08-09,-0.001366883249771494
2018-08-10,-0.006723012495182763
2018-08-13,-0.0037503944263526504
2018-08-14,0.0063605397889097215
2018-08-15,-0.007495550065516472
2018-08-16,0.008058917694534888
2018-08-17,0.003514132095939473
2018-08-20,0.002137992760980039
2018-08-21,0.0023421849877610403
2018-08-22,-0.000593689265097191
2018-08-23,-0.0013288142353263326
2018-08-24,0.006000515460748294
2018-08-27,0.007864145105296854
2018-08-28,0.0004830453785546685
2018-08-29,0.0053665086109658
2018-08-30,-0.004056611298414844
2018-08-31,3.4313469696421475e-05
2018-09-04,-0.0017237777641444729
2018-09-05,-0.0026950574017146063
2018-09-06,-0.0030143087723915503
2018-09-07,-0.0019453440363484081
2018-09-10,0.0017371913778733551
2018-09-11,0.003291686852389001
2018-09-12,0.00024216183026720383
2018-09-13,0.005897120358178207
2018-09-14,0.00017207245193328187
2018-09-17,-0.00530839221196644
2018-09-18,0.0054113608061031136
2018-09-19,0.0010649665473414526
2018-09-20,0.008071358070412432
2018-09-21,-0.0009140806039850043
2018-09-24,-0.003327549971234158
2018-09-25,-0.0009284711652204917
2018-09-26,-0.002996302872371299
2018-09-27,0.0027901080205751426
2018-09-28,0.00010339781030112963
2018-10-01,0.003468013516273922
2018-10-02,-0.0005833266632266661
2018-10-03,0.0005492164802752409
2018-10-04,-0.007846894179819468
2018-10-05,-0.005612403274801649
2018-10-08,0.0
2018-10-09,-0.0014602836821352677
2018-10-10,-0.032175615517829444
2018-10-11,-0.022272543415319045
2018-10-12,0.013792935280442419
2018-10-15,-0.005633196694587034
2018-10-16,0.021630459010418535
2018-10-17,0.00017846351647714012
2018-10-18,-0.014546452049754348
2018-10-19,-0.0005427135593198724
2018-10-22,-0.004498876552957954
2018-10-23,-0.0051036298625356975
2018-10-24,-0.030767175315248398
2018-10-25,0.017781362971835447
2018-10-26,-0.017743794138340492
2018-10-29,-0.00555550590391321
2018-10-30,0.014709395605492365
2018-10-31,0.010624347365184729
2018-11-01,0.010585673448254524
2018-11-02,-0.005940382858955326
2018-11-05,0.005501509158034908
2018-11-06,0.006307883705180855
2018-11-07,0.021183059389991196
2018-11-08,-0.0018164532224095088
2018-11-09,-0.009816487601479955
2018-11-12,-0.018861876379097267
2018-11-13,-0.0018726885110017402
2018-11-14,-0.006860111351751615
2018-11-15,0.010382386722294547
2018-11-16,0.002597064347391344
2018-11-19,-0.01705897832185174
2018-11-20,-0.018679752538784126
2018-11-21,0.003401806834974784
2018-11-23,-0.006701102693334565
2018-11-26,0.01601555011239334
2018-11-27,0.0033588945822917524
2018-11-28,0.02276428421862835
2018-11-29,-0.00218729048506336
2018-11-30,0.006076335969629779
2018-12-03,0.013154785021623532
2018-12-04,-0.0329392283518741
2018-12-06,-0.0015183555125543688
2018-12-07,-0.023510059537080335
2018-12-10,0.0018953359775333413
2018-12-11,0.00022710816695697676
2018-12-12,0.00502260556252762
2018-12-13,-0.00033884518370267666
2018-12-14,-0.01863742845208572
2018-12-17,-0.01981347180100639
2018-12-18,-0.0010969377931365353
2018-12-19,-0.01508912426144624
2018-12-20,-0.016411829621723665
2018-12-21,-0.020702385385194876
2018-12-24,-0.02677837561162093
2018-12-26,0.04928987200211379
2018-12-27,0.0076483082051635905
2018-12-28,-0.0012909494880075012
2018-12-31,0.008720626423027143
2019-01-02,0.0010397194608406251
2019-01-03,-0.024152202425832804
2019-01-04,0.03294705041778017
2019-01-07,0.007853763967745743
2019-01-08,0.00935146740763698
2019-01-09,0.004662714779665167
2019-01-10,0.0035212863437733737
2019-01-11,0.0003862892147391824
2019-01-14,-0.0061198118547328715
2019-01-15,0.011395705971098973
2019-01-16,0.0024169539250156187
2019-01-17,0.007558230310992484
2019-01-18,0.013222008178410972
2019-01-22,-0.013602449650808219
2019-01-23,0.0020901212274049255
2019-01-24,0.0005313622990382004
2019-01-25,0.008425821241249146
2019-01-28,-0.0076289834745359685
2019-01-29,-0.0013282000657514094
2019-01-30,0.01570706815127848
2019-01-31,0.008743896327290923
2019-02-01,0.0004817725380121385
2019-02-04,0.007010547322734514
2019-02-05,0.004182908060774746
2019-02-06,-0.001318894126467345
2019-02-07,-0.009578575162880246
2019-02-08,0.0012209712853287454
2019-02-11,0.0005543054263873994
2019-02-12,0.012777343543386863
2019-02-13,0.0032415942153649828
2019-02-14,-0.002220379907946816
2019-02-15,0.010837898848633867
2019-02-19,0.0017291651192114456
2019-02-20,0.002013495609964853
2019-02-21,-0.0035623728916543865
2019-02-22,0.006181105708331634
2019-02-25,0.001360256140097783
2019-02-26,-0.0007155586445312049
2019-02-27,-0.0004299965141253262
2019-02-28,-0.0018641316457467245
2019-03-01,0.006224535180490287
2019-03-04,-0.00364435410107584
2019-03-05,-0.0013606575064265857
2019-03-06,-0.006075887740794534
2019-03-07,-0.008400051949533496
2019-03-08,-0.002002243304834558
2019-03-11,0.014396872495333647
2019-03-12,0.003764434994409076
2019-03-13,0.0065973093754819545
2019-03-14,-0.0006403097964441717
2019-03-15,0.004928740249790144
2019-03-18,0.003619207088932614
2019-03-19,0.0002477269233225036
2019-03-20,-0.00301423701156502
2019-03-21,0.011231332844441411
2019-03-22,-0.01943379663050654
2019-03-25,-0.0007524834543619902
2019-03-26,0.007426624522023385
2019-03-27,-0.005243193250520249
2019-03-28,0.0037832547837730705
2019-03-29,0.006285874498859638
2019-04-01,0.011789230910463676
2019-04-02,0.0004898030948152659
2019-04-03,0.0015728034687360621
2019-04-04,0.002649522026783315
2019-04-05,0.004828687010368019
2019-04-08,0.0007616901087357778
2019-04-09,-0.005137512351561658
2019-04-10,0.0034048089025324043
2019-04-11,-0.00027701642297732633
2019-04-12,0.0067428444558031275
2019-04-15,-0.0006553635332918197
2019-04-16,0.0006553635332916987
2019-04-17,-0.002450121024431307
2019-04-18,0.001967509772118832
2019-04-22,0.0008610908642227773
2019-04-23,0.008951858115868648
2019-04-24,-0.002221717089484233
2019-04-25,-0.0006161792825523447
2019-04-26,0.0046455708702816435
2019-04-29,0.0015670481774008773
2019-04-30,0.000510021517694231
2019-05-01,-0.007544493617920886
2019-05-02,-0.0021617498392900412
2019-05-03,0.009740204841272455
2019-05-06,-0.0041234073991797794
2019-05-07,-0.01684094282213866
2019-05-08,-0.001390064615827151
2019-05-09,-0.0030302211027502463
2019-05-10,0.005010148469362773
2019-05-13,-0.025451184406184397
2019-05-14,0.009003667683884367
2019-05-15,0.005839891274757712
2019-05-16,0.009218735270358089
2019-05-17,-0.0064861238241300636
2019-05-20,-0.0066340816261983
2019-05-21,0.008975353368207246
2019-05-22,-0.0030763411829424128
2019-05-23,-0.012293560717266795
2019-05-24,0.0022658283253962357
2019-05-28,-0.009344359654219717
2019-05-29,-0.006733213428892666
2019-05-30,0.0027273820677703392
2019-05-31,-0.01356686079830946
2019-06-03,-0.0025459006843306757
2019-06-04,0.021474183559794826
2019-06-05,0.008624961062043884
2019-06-06,0.006481267126678869
2019-06-07,0.009957438993690549
2019-06-10,0.004578957895533559
2019-06-11,-0.00024250530312664497
2019-06-12,-0.0017669023720320147
2019-06-13,0.004118004498841972
2019-06-14,-0.001105933485164334
2019-06-17,0.0003802439206640998
2019-06-18,0.010416535234193216
2019-06-19,0.0022546168436877326
2019-06-20,0.009509167096420933
2019-06-21,-0.0014546352771732302
2019-06-24,-0.0012250181520104234
2019-06-25,-0.009856639727246565
2019-06-26,-0.0009978939220230477
2019-06-27,0.00353976461760267
2019-06-28,0.005132387944468729
2019-07-01,0.009037707272713965
2019-07-02,0.0026009402634744622
2019-07-03,0.007963395145769313
2019-07-05,-0.0011385090294420655
2019-07-08,-0.005509924226533397
2019-07-09,0.001245680792509211
2019-07-10,0.004766596732548612
2019-07-11,0.0023413231890217615
2019-07-12,0.004467184180880892
2019-07-15,0.00033226617298789935
2019-07-16,-0.003230671423260286
2019-07-17,-0.006828110392294886
2019-07-18,0.0036546083795395844
2019-07-19,-0.005570641907119073
2019-07-22,0.0024532998356232446
2019-07-23,0.0071247259957765196
2019-07-24,0.004688956150477796
2019-07-25,-0.004788886126348451
2019-07-26,0.006677803333463478
2019-07-29,-0.0018231002371329492
2019-07-30,-0.0024576743483523907
2019-07-31,-0.011000738847522572
2019-08-01,-0.008745781682321459
2019-08-02,-0.007558260448540196
2019-08-05,-0.030534253429723882
2019-08-06,0.013925215218074242
2019-08-07,0.0005907948651994615
2019-08-08,0.019429944962969865
2019-08-09,-0.00683485099182037
2019-08-12,-0.012247847887835539
2019-08-13,0.015431983146129745
2019-08-14,-0.030013514186223902
2019-08-15,0.002638121773059799
2019-08-16,0.014647189871494588
2019-08-19,0.011975668656724479
2019-08-20,-0.007691682692150712
2019-08-21,0.008102173388035688
2019-08-22,-0.000307823321093195
2019-08-23,-0.026023058204195648
2019-08-26,0.010997682458224746
2019-08-27,-0.003931084294738985
2019-08-28,0.007016660560306919
2019-08-29,0.012692140614168826
2019-08-30,-0.00044451781267263954
2019-09-03,-0.0058640942356097845
2019-09-04,0.011285897201072283
2019-09-05,0.012774294424611218
2019-09-06,0.00077144049570438
2019-09-09,0.0005033843063320095
2019-09-10,-0.00023476777001423793
2019-09-11,0.0070855877587354095
2019-09-12,0.0034578690107672574
2019-09-13,-0.0006636755500967025
2019-09-16,-0.0030936810239298052
2019-09-17,0.0025286374425998177
2019-09-18,0.0005981592437335589
2019-09-19,-6.65692077247576e-05
2019-09-20,-0.004736084701939916
2019-09-23,-0.00023486685402286523
2019-09-24,-0.007877571742089402
2019-09-25,0.005897286642074374
2019-09-26,-0.0020857092171507213
2019-09-27,-0.0054016502088422525
2019-09-30,0.004627413397410081
2019-10-01,-0.011966206434341873
2019-10-02,-0.017822392711205236
2019-10-03,0.008158873298717414
2019-10-04,0.013441781320017854
2019-10-07,-0.004324428646102809
2019-10-08,-0.01564637015151357
2019-10-09,0.009451867963105196
2019-10-10,0.006740668926980878
2019-10-11,0.010313736589968663
2019-10-14,-0.0011146095777135705
2019-10-15,0.009851743631033189
2019-10-16,-0.0016076454818501468
2019-10-17,0.0029450787961945207
2019-10-18,-0.004386720574271244
2019-10-21,0.006756046821364071
2019-10-22,-0.0032717765439569534
2019-10-23,0.0029051962760486155
2019-10-24,0.0016326486652819489
2019-10-25,0.0040865079001077345
2019-10-28,0.0056206336479552475
2019-10-29,-0.0002965549555646946
2019-10-30,0.003062491598339568
2019-10-31,-0.002666882696617078
2019-11-01,0.009221376705783015
2019-11-04,0.004009531409632795
2019-11-05,-0.0011068080661476522
2019-11-06,0.00022801107985004576
2019-11-07,0.0035105637201490727
2019-11-08,0.0024629329668128417
2019-11-11,-0.0019112226645675743
2019-11-12,0.0021057046261075637
2019-11-13,0.0003236534702255849
2019-11-14,0.001454656614336885
2019-11-15,0.007210202453177689
2019-11-18,0.0007373843276657823
2019-11-19,-0.00028848163151746814
2019-11-20,-0.0037254833175789422
2019-11-21,-0.0016102817051299515
2019-11-22,0.002221016136302589
2019-11-25,0.0077207127898829536
2019-11-26,0.002262807862727714
2019-11-27,0.004447926887321077
2019-11-29,-0.0037155957087749015
2019-12-02,-0.008531281364345882
2019-12-03,-0.0067289267297308535
2019-12-04,0.006151068343594927
2019-12-05,0.0017965184372486
2019-12-06,0.009092863813329603
2019-12-09,-0.0031491811578150605
2019-12-10,-0.0011158171874069798
2019-12-11,0.0028344022878567356
2019-12-12,0.008582318786234989
2019-12-13,0.0005988080653386131
2019-12-16,0.006846743274409704
2019-12-17,0.00021911279621619862
2019-12-18,6.221886038847865e-05
2019-12-19,0.004090674903308229
2019-12-20,0.004374896707221641
2019-12-23,0.0015263228410342718
2019-12-24,3.116348777625062e-05
2019-12-26,0.005309230559122265
2019-12-27,-0.00024811836358176753
2019-12-30,-0.005528145151014857
2019-12-31,0.0024264010204698857
2020-01-02,0.009308466260424373
2020-01-03,-0.00760097904757377
2020-01-06,0.003807504470766836
2020-01-07,-0.0028154690074362384
2020-01-08,0.005315265867355377
2020-01-09,0.006758018306523829
2020-01-10,-0.0028823035338956873
2020-01-13,0.0068540698487619695
2020-01-14,-0.001525854119044416
2020-01-15,0.00225735632116708
2020-01-16,0.008284100920169818
2020-01-17,0.003107223546327539
2020-01-21,-0.0019596792624712624
2020-01-22,0.00012045166153989181
2020-01-23,0.0011466965266445771
2020-01-24,-0.008933066614910857
2020-01-27,-0.016159523533918006
2020-01-28,0.010425042925625638
2020-01-29,-0.0008265591630185634
2020-01-30,0.0032399241832401534
2020-01-31,-0.018324574035930342
2020-02-03,0.007401224028343631
2020-02-04,0.015125957699153484
2020-02-05,0.011481985176211145
2020-02-06,0.0033591392723511557
2020-02-07,-0.005343891078649046
2020-02-10,0.0074375249186580655
2020-02-11,0.0017316161831037354
2020-02-12,0.006422162565820383
2020-02-13,-0.0010675168898489314
2020-02-14,0.0016007987064081133
2020-02-18,-0.0025802668250466524
2020-02-19,0.0047698295927754535
2020-02-20,-0.004116810504394775
2020-02-21,-0.01035142985857542
2020-02-24,-0.03372779599520194
2020-02-25,-0.030771337413729852
2020-02-26,-0.00368459088629197
2020-02-27,-0.045951650972282994
2020-02-28,-0.004209844988835648
2020-03-02,0.04239481567025295
2020-03-03,-0.02905070397191182
2020-03-04,0.041173810635026974
2020-03-05,-0.03380675424834192
2020-03-06,-0.0166693500443719
2020-03-09,-0.08131270404668985
2020-03-10,0.050450545459124814
2020-03-11,-0.049976289055853
2020-03-12,-0.10056890204368509
2020-03-13,0.08202806557709892
2020-03-16,-0.11588664219945718
2020-03-17,0.0525849012776694
2020-03-18,-0.051959747759798836
2020-03-19,0.002122672995010841
2020-03-20,-0.044050347783463506
2020-03-23,-0.025900630036547016
2020-03-24,0.08673087794511103
2020-03-25,0.014859404128624137
2020-03-26,0.05674869705121504
2020-03-27,-0.030238375616976815
2020-03-30,0.03195940087625348
2020-03-31,-0.015017447066734248
2020-04-01,-0.04604896120188155
2020-04-02,0.022813130878921867
2020-04-03,-0.014559840381213813
2020-04-06,0.06500674485841318
2020-04-07,0.0010192060828596564
2020-04-08,0.03301691343118965
2020-04-09,0.015103024113897839
2020-04-13,-0.00917211357150796
2020-04-14,0.02906634311532465
2020-04-15,-0.02147695845410442
2020-04-16,0.004812724243407738
2020-04-17,0.026656748287565302
2020-04-20,-0.017774992628316492
2020-04-21,-0.030833956156644
2020-04-22,0.021952200497395
2020-04-23,-7.209247087897809e-05
2020-04-24,0.013842604711162049
2020-04-27,0.014315676575867442
2020-04-28,-0.004609167776540797
2020-04-29,0.025841608581876837
2020-04-30,-0.009354241359581005
2020-05-01,-0.026829955889797776
2020-05-04,0.0027544851231327263
2020-05-05,0.009196560000829218
2020-05-06,-0.006801566054542659
2020-05-07,0.011994506446318333
2020-05-08,0.016410665888702602
2020-05-11,0.00020530195790648093
2020-05-12,-0.020133020234034443
2020-05-13,-0.0178440320138133
2020-05-14,0.01189636853121881
2020-05-15,0.004586203957077333
2020-05-18,0.0300054220843857
2020-05-19,-0.010324496869035565
2020-05-20,0.016845054437609933
2020-05-21,-0.00692772277899857
2020-05-22,0.0018970727594604798
2020-05-26,0.012245521479992982
2020-05-27,0.014769340233128429
2020-05-28,-0.0018463530836872514
2020-05-29,0.00444578956234676
2020-06-01,0.004033598001124495
2020-06-02,0.008245724503012131
2020-06-03,0.013220603849418651
2020-06-04,-0.002629897045913227
2020-06-05,0.025306404432533892
2020-06-08,0.01201496064508841
2020-06-09,-0.00748444010114561
2020-06-10,-0.0055958815143241
2020-06-11,-0.0593771780066392
2020-06-12,0.011904455031566502
2020-06-15,0.00929215145717788
2020-06-16,0.019064915003735878
2020-06-17,-0.004162473875859097
2020-06-18,0.00038503386873076306
2020-06-19,-0.005731218915947782
2020-06-22,0.006394696708898958
2020-06-23,0.004592980372126554
2020-06-24,-0.025839716089937792
2020-06-25,0.010663406324054147
2020-06-26,-0.024037755561406138
2020-06-29,0.014590212060437511
2020-06-30,0.012728389411363325
2020-07-01,0.006980137562000181
2020-07-02,0.0054920147820820275
2020-07-06,0.0153196245875729
2020-07-07,-0.010367468711082857
2020-07-08,0.007619395896036641
2020-07-09,-0.005709044634984706
2020-07-10,0.010158627816169339
2020-07-13,-0.008696520753648827
2020-07-14,0.012875798069967479
2020-07-15,0.009145083748519097
2020-07-16,-0.0032987809399245473
2020-07-17,0.0028946759944278957
2020-07-20,0.008049292417434998
2020-07-21,0.002125187146625177
2020-07-22,0.005675937618675506
2020-07-23,-0.012003632269555736
2020-07-24,-0.006461240987364283
2020-07-27,0.007266186481105698
2020-07-28,-0.0063626429612646815
2020-07-29,0.012223539665379255
2020-07-30,-0.003574012443818759
2020-07-31,0.007871163382610024
2020-08-03,0.006927976836768573
2020-08-04,0.0038556916935619844
2020-08-05,0.006191395731201862
2020-08-06,0.0066622038438832135
2020-08-07,0.0007176591363852212
2020-08-10,0.0029843035043851484
2020-08-11,-0.008288676626111807
2020-08-12,0.013846101975377518
2020-08-13,-0.0018097899688263005
2020-08-14,2.961285812167242e-05
2020-08-17,0.0031719536273955096
2020-08-18,0.002157728727944507
2020-08-19,-0.004172319826643626
2020-08-20,0.003108829705023441
2020-08-21,0.003541195739556743
2020-08-24,0.01008222422323501
2020-08-25,0.0034932669715204982
2020-08-26,0.009975745789184205
2020-08-27,0.002183827238377578
2020-08-28,0.006438605379138008
2020-08-31,-0.0036290348853671535
2020-09-01,0.00937442126097125
2020-09-02,0.014360356910832749
2020-09-03,-0.03502025532366195
2020-09-04,-0.008198412085188476
2020-09-08,-0.027702981879313388
2020-09-09,0.01955491078183409
2020-09-10,-0.01751603959905033
2020-09-11,0.000508721730813937
2020-09-14,0.013085138365853143
2020-09-15,0.005039982471411916
2020-09-16,-0.00397686173644659
2020-09-17,-0.008834137830644526
2020-09-18,-0.011579064463395594
2020-09-21,-0.011192079694379152
2020-09-22,0.010133103897474417
2020-09-23,-0.023464647018562868
2020-09-24,0.0026621999793514785
2020-09-25,0.01603763774734835
2020-09-28,0.016472719502846348
2020-09-29,-0.005460580143195629
2020-09-30,0.007553290889408073
2020-10-01,0.006399280377813787
2020-10-02,-0.009539546173101975
2020-10-05,0.017577446351234666
2020-10-06,-0.01431763634349093
2020-10-07,0.017256731505679607
2020-10-08,0.008823608072797811
2020-10-09,0.008890229528659465
2020-10-12,0.0159598945226683
2020-10-13,-0.006547711791941585
2020-10-14,-0.006303196287138385
2020-10-15,-0.0012364700388687402
2020-10-16,-0.0006045528054055297
2020-10-19,-0.01532040023192326
2020-10-20,0.003997987745522211
2020-10-21,-0.001894812252323675
2020-10-22,0.005469903743851319
2020-10-23,0.0033898844798629806
2020-10-26,-0.01865305690013442
2020-10-27,-0.003453332009848892
2020-10-28,-0.03477650845729902
2020-10-29,0.010112064264362206
2020-10-30,-0.010479417714301498
2020-11-02,0.01114586185762889
2020-11-03,0.01750188036072483
2020-11-04,0.022103133232549216
2020-11-05,0.019315178584661623
2020-11-06,-0.00022846117362154163
2020-11-09,0.012487562232109044
2020-11-10,-0.001467719955755801
2020-11-11,0.007400996870522739
2020-11-12,-0.009747951623875378
2020-11-13,0.013749045455655905
2020-11-16,0.012405468321144052
2020-11-17,-0.0053927175418659575
2020-11-18,-0.01210808037237885
2020-11-19,0.004201429905209009
2020-11-20,-0.006871392427071173
2020-11-23,0.005976785303001339
2020-11-24,0.01598501354619707
2020-11-25,-0.0015426372383666612
2020-11-27,0.0027808081840199114
2020-11-30,-0.004436949537301164
2020-12-01,0.010877912292190603
2020-12-02,0.002101777311769853
2020-12-03,-0.00027269693657632735
2020-12-04,0.00858084717096728
2020-12-07,-0.002057273193596476
2020-12-08,0.002922102180188078
2020-12-09,-0.009009306774441625
2020-12-10,-0.0003272816846903151
2020-12-11,-0.0011732267572376527
2020-12-14,-0.004487203775632253
2020-12-15,0.013428624840169531
2020-12-16,0.0015683941518322688
2020-12-17,0.005576408808003323
2020-12-18,-0.004000944978641554
2020-12-21,-0.003581726954428152
2020-12-22,-0.001686988238859749
2020-12-23,0.0008979471803922408
2020-12-24,0.0038832390603821647
2020-12-28,0.008554104892341223
2020-12-29,-0.0019095710214965603
2020-12-30,0.001425518125557441
2020-12-31,0.005068181842034148
2021-01-04,-0.013707630101800825
2021-01-05,0.006863583418794081
2021-01-06,0.005960645348595056
2021-01-07,0.014748261575355255
2021-01-08,0.005681608502055544
2021-01-11,-0.006763715917735359
2021-01-12,0.00021122218143999652
2021-01-13,0.0026895687472759063
2021-01-14,-0.003508238205636576
2021-01-15,-0.007319432477464684
2021-01-19,0.0078215123253043
2021-01-20,0.013743444043160084
2021-01-21,0.0009115386335980247
2021-01-22,-0.003545734429674202
2021-01-25,0.003936041912942734
2021-01-26,-0.0015621448059427087
2021-01-27,-0.02474423299002111
2021-01-28,0.008563323489515473
2021-01-29,-0.02022252786758128
2021-02-01,0.016508396303207457
2021-02-02,0.014041353914914593
2021-02-03,0.0007860490609493738
2021-02-04,0.011301713790865961
2021-02-05,0.003928057320881024
2021-02-08,0.00719593213939514
2021-02-09,-0.000666027884891651
2021-02-10,-0.0004359238919814999
2021-02-11,0.0016139468823284785
2021-02-12,0.00492755910524915
2021-02-16,-0.0008663924051552062
2021-02-17,0.00022935802972606794
2021-02-18,-0.004265037000456813
2021-02-19,-0.0017674259404748638
2021-02-22,-0.0077215875321144335
2021-02-23,0.0012136873942308608
2021-02-24,0.010958918805230597
2021-02-25,-0.024390504426643755
2021-02-26,-0.005166012615395063
2021-03-01,0.023950982653347472
2021-03-02,-0.007833928795771173
2021-03-03,-0.013334272711510336
2021-03-04,-0.01245167854319852
2021-03-05,0.018229140801682822
2021-03-08,-0.004990714786309639
2021-03-09,0.014176155917826169
2021-03-10,0.006205298117280582
2021-03-11,0.010087942480341821
2021-03-12,0.0013461266761476353
2021-03-15,0.005945915030791144
2021-03-16,-0.0012620972871205647
2021-03-17,0.0034040054736019496
2021-03-18,-0.014656722040990928
2021-03-19,-0.0018519660568284118
2021-03-22,0.00795327687486542
2021-03-23,-0.007901803387400735
2021-03-24,-0.005096683170102556
2021-03-25,0.005609843325880797
2021-03-26,0.015986577817406353
2021-03-29,-0.0005051851925579989
2021-03-30,-0.002656396712585246
2021-03-31,0.004044980361419968
2021-04-01,0.010741044906504618
2021-04-05,0.014251233525953092
2021-04-06,-0.0005906816415931379
2021-04-07,0.0011565216899815402
2021-04-08,0.004735694958538282
2021-04-09,0.00724364213888958
2021-04-12,0.000364628319358815
2021-04-13,0.0029593827893352807
2021-04-14,-0.003421060778894865
2021-04-15,0.010685251265472673
2021-04-16,0.0033366368356619216
2021-04-19,-0.004925071156552449
2021-04-20,-0.007348342098732679
2021-04-21,0.00941764152614735
2021-04-22,-0.00917518066885814
2021-04-23,0.01078415236074585
2021-04-26,0.0020852431562874705
2021-04-27,-0.00021542940631944754
2021-04-28,-0.00028736374255882124
2021-04-29,0.0063523714674340245
2021-04-30,-0.006592087520444465
2021-05-03,0.002154673590479766
2021-05-04,-0.00618869048753238
2021-05-05,0.0003128633269084408
2021-05-06,0.00795379766889144
2021-05-07,0.0072516134657174
2021-05-10,-0.009951505801369857
2021-05-11,-0.008965310169003347
2021-05-12,-0.021473729997929937
2021-05-13,0.011940857820280081
2021-05-14,0.015238704504299403
2021-05-17,-0.0025478759927270553
2021-05-18,-0.008652763460526082
2021-05-19,-0.00262556573526607
2021-05-20,0.010700514966424733
2021-05-21,-0.00081891183376587
2021-05-24,0.010142675919236075
2021-05-25,-0.002221347560223637
2021-05-26,0.001982643874854432
2021-05-27,0.0005247760239259101
2021-05-28,0.0017873287112580277
2021-06-01,-0.000881439094268828
2021-06-02,0.0015714886518636006
2021-06-03,-0.0037182162844349954
2021-06-04,0.009104338047892414
2021-06-07,-0.0009708333533582153
2021-06-08,0.00021296913855100913
2021-06-09,-0.0014927473183632353
2021-06-10,0.004637311076977909
2021-06-11,0.0016513100780192814
2021-06-14,0.002236441431970464
2021-06-15,-0.0018357507195037488
2021-06-16,-0.005599110494665128
2021-06-17,-0.00033159360837366615
2021-06-18,-0.013582202881463524
2021-06-21,0.014214402211850287
2021-06-22,0.00533192057407713
2021-06-23,-0.0012059135463916104
2021-06-24,0.00589817956137518
2021-06-25,0.0035457174602494877
2021-06-28,0.002013837570516385
2021-06-29,0.0005379830469990085
2021-06-30,0.000841406848842364
2021-07-01,0.005521141192726628
2021-07-02,0.0076147224979970715
2021-07-06,-0.0018231482420867251
2021-07-07,0.003527772064111915
2021-07-08,-0.008181349330984923
2021-07-09,0.010618147819660055
2021-07-12,0.0035755606570310097
2021-07-13,-0.0034147575979629665
2021-07-14,0.0014909005337817873
2021-07-15,-0.003421269583578042
2021-07-16,-0.0078746180879032
2021-07-19,-0.014877875021753731
2021-07-20,0.014228772270656734
2021-07-21,0.008063670327497517
2021-07-22,0.0020919575381508466
2021-07-23,0.010235455025391603
2021-07-26,0.002451645231598744
2021-07-27,-0.004567869508631541
2021-07-28,-0.0004102703940264471
2021-07-29,0.004139017043030841
2021-07-30,-0.004868099255393561
2021-08-02,-0.0021004482885425358
2021-08-03,0.008102370282815604
2021-08-04,-0.0049310724651381085
2021-08-05,0.006313174094673709
2021-08-06,0.0016510456493375517
2021-08-09,-0.0008140304236317936
2021-08-10,0.0012431836486516818
2021-08-11,0.002481961096348197
2021-08-12,0.002992384188705331
2021-08-13,0.0018181178899946964
2021-08-16,0.0023518941525089354
2021-08-17,-0.006576821011147669
2021-08-18,-0.011005500280654059
2021-08-19,0.0015473904409200139
2021-08-20,0.007925370609963973
2021-08-23,0.00875812398638871
2021-08-24,0.001586298266614744
2021-08-25,0.002096198315890669
2021-08-26,-0.005920691035089002
2021-08-27,0.008901193616661267
2021-08-30,0.004387956157677205
2021-08-31,-0.0014826883706965557
2021-09-01,0.0005313326243296747
2021-09-02,0.0030719234762189725
2021-09-03,-0.0002426914260341486
2021-09-07,-0.0035820004543067057
2021-09-08,-0.0012188464588013758
2021-09-09,-0.0042896265732530305
2021-09-10,-0.007915860886139658
2021-09-13,0.0025560259819704502
2021-09-14,-0.0054112121621117774
2021-09-15,0.008317939558421897
2021-09-16,-0.0015864714348455466
2021-09-17,-0.009788740628846044
2021-09-20,-0.016814772050817196
2021-09-21,-0.0009450688567866756
2021-09-22,0.009707519633951155
2021-09-23,0.012076843518415445
2021-09-24,0.0016457878402081289
2021-09-27,-0.002864996428735951
2021-09-28,-0.020357638542988644
2021-09-29,0.0016817293808090408
2021-09-30,-0.012297812310102896
2021-10-01,0.011814255245088128
2021-10-04,-0.012979900093569897
2021-10-05,0.010351206858168201
2021-10-06,0.004147293796617442
2021-10-07,0.008608759639811397
2021-10-08,-0.0018255289037203367
2021-10-11,-0.007266062809293103
2021-10-12,-0.002464575199143103
2021-10-13,0.003591269690884557
2021-10-14,0.016680770131284415
2021-10-15,0.007586949561312625
2021-10-18,0.0029559259557336653
2021-10-19,0.007685370160737642
2021-10-20,0.0039199349364491395
2021-10-21,0.0026048271325916418
2021-10-22,-0.0010366201929553833
2021-10-25,0.00534852115684905
2021-10-26,0.0008994720502320856
2021-10-27,-0.004440079607000256
2021-10-28,0.00960270449645315
2021-10-29,0.002027135957741603
2021-11-01,0.0017187156041823296
2021-11-02,0.004034847102778168
2021-11-03,0.006086730567041287
2021-11-04,0.004701392526622084
2021-11-05,0.0034637510389009555
2021-11-08,0.0008533254673126557
2021-11-09,-0.003310848075480575
2021-11-10,-0.008077478325106916
2021-11-11,0.0003235857768135861
2021-11-12,0.00751848597847134
2021-11-15,0.00034229628769343506
2021-11-16,0.003950168669156937
2021-11-17,-0.002432314952984305
2021-11-18,0.003390782055884156
2021-11-19,-0.0017899147282299521
2021-11-22,-0.0028191425505420904
2021-11-23,0.0013250609409002293
2021-11-24,0.002666290293483149
2021-11-26,-0.022555485448984045
2021-11-29,0.012191924193174084
2021-11-30,-0.019649256951171725
2021-12-01,-0.011169501949536332
2021-12-02,0.01520011389063403
2021-12-03,-0.00873944067576602
2021-12-06,0.011773926047072879
2021-12-07,0.02047363006315883
2021-12-08,0.002644358504952092
2021-12-09,-0.00677430587291119
2021-12-10,0.009369376379601856
2021-12-13,-0.008897829691475984
2021-12-14,-0.006903678875857507
2021-12-15,0.0155042243590573
2021-12-16,-0.008857642738018475
2021-12-17,-0.010699932711576847
2021-12-20,-0.0106903316802703
2021-12-21,0.0176032523009863
2021-12-22,0.009948815580284478
2021-12-23,0.006202915760161512
2021-12-27,0.01405305011421071
2021-12-28,-0.000817737024425534
2021-12-29,0.0012784562988510937
2021-12-30,-0.002768322352772174
2021-12-31,-0.002523380137643849
2022-01-03,0.005773257061887718
2022-01-04,-0.00033497879329803814
2022-01-05,-0.019388949858646424
2022-01-06,-0.0009398430518042176
2022-01-07,-0.003961245886120304
2022-01-10,-0.0012451988469544466
2022-01-11,0.009067070505809138
2022-01-12,0.002699939104492002
2022-01-13,-0.013874418895397578
2022-01-14,0.0004087862574626679
2022-01-18,-0.017868305084442933
2022-01-19,-0.010437588887786009
2022-01-20,-0.011129832765049908
2022-01-21,-0.019825981351538527
2022-01-24,0.004237586147783545
2022-01-25,-0.012283827443748048
2022-01-26,-0.002512186277825425
2022-01-27,-0.004950120007483726
2022-01-28,0.024532039850121663
2022-01-31,0.017850735796668817
2022-02-01,0.0067342252264272155
2022-02-02,0.009667220734818798
2022-02-03,-0.023785594018364702
2022-02-04,0.0046911534088924615
2022-02-07,-0.0032145673520953826
2022-02-08,0.008194364384028383
2022-02-09,0.014529987897068412
2022-02-10,-0.018128887059640084
2022-02-11,-0.019915850252695003
2022-02-14,-0.0032745817482475407
2022-02-15,0.015998112113130965
2022-02-16,0.00112026860955744
2022-02-17,-0.021592880763046617
2022-02-18,-0.006496162888356753
2022-02-22,-0.010789617554466413
2022-02-23,-0.01789779869334655
2022-02-24,0.014937026954192545
2022-02-25,0.02182388191354932
2022-02-28,-0.0025615287261117905
2022-03-01,-0.015347679441598606
2022-03-02,0.018229234673377205
2022-03-03,-0.004991013100962083
2022-03-04,-0.008157674649726837
2022-03-07,-0.029922444730726177
2022-03-08,-0.007610692398840731
2022-03-09,0.026458038401054578
2022-03-10,-0.004526112880496326
2022-03-11,-0.012796631917598195
2022-03-14,-0.007334881864301544
2022-03-15,0.021751890078283074
2022-03-16,0.02193199497204681
2022-03-17,0.012433245041558324
2022-03-18,0.010893320207957207
2022-03-21,-0.00029237542361823483
2022-03-22,0.011633307747047905
2022-03-23,-0.01296189501837099
2022-03-24,0.01496178705453173
2022-03-25,0.004871670570944363
2022-03-28,0.00708788677520271
2022-03-29,0.012294904931888244
2022-03-30,-0.0061938982532858955
2022-03-31,-0.015511040522336502
2022-04-01,0.002830134927734898
2022-04-04,0.008530152565413354
2022-04-05,-0.012711835768033019
2022-04-06,-0.010049702249412491
2022-04-07,0.005026272106571097
2022-04-08,-0.0026775294016316
2022-04-11,-0.017239924375242403
2022-04-12,-0.0037121482709756228
2022-04-13,0.011388459321984942
2022-04-14,-0.012529914297446529
2022-04-18,0.0004109232994730745
2022-04-19,0.016013629847325773
2022-04-20,-0.000741550345095621
2022-04-21,-0.015066422820752413
2022-04-22,-0.027822540306344134
2022-04-25,0.005780781309679285
2022-04-26,-0.02938851340673452
2022-04-27,0.0028077579993692463
2022-04-28,0.024945888256098486
2022-04-29,-0.037656064138075505
2022-05-02,0.006001452060140139
2022-05-03,0.004573748615564052
2022-05-04,0.02999810061726082
2022-05-05,-0.03618966861074832
2022-05-06,-0.005986830624103014
2022-05-09,-0.03254104297863869
2022-05-10,0.002307938475079636
2022-05-11,-0.016013728955270912
2022-05-12,-0.001044350473607085
2022-05-13,0.023626439013196162
2022-05-16,-0.004065697851077811
2022-05-17,0.020361501385668647
2022-05-18,-0.04114663845633125
2022-05-19,-0.0061433228737890425
2022-05-20,0.00043642903143278764
2022-05-23,0.018537274554113217
2022-05-24,-0.0076631233936259955
2022-05-25,0.00879616854057944
2022-05-26,0.019784137361575617
2022-05-27,0.024252641837836486
2022-05-31,-0.0056264445235639235
2022-06-01,-0.00812159053649711
2022-06-02,0.018864454628352286
2022-06-03,-0.01654786028708115
2022-06-06,0.0030403193741412905
2022-06-07,0.009546484313480501
2022-06-08,-0.010931733620145292
2022-06-09,-0.024070181786617722
2022-06-10,-0.029424141921229205
2022-06-13,-0.03870803348397885
2022-06-14,-0.0030178449352993115
2022-06-15,0.014155773659478529
2022-06-16,-0.03365621494538034
2022-06-17,0.002153383424422441
2022-06-21,0.02486195869837015
2022-06-22,-0.0018145746616933048
2022-06-23,0.009754928488341998
2022-06-24,0.031298744438340007
2022-06-27,-0.003826918042452186
2022-06-28,-0.020644513304359232
2022-06-29,-0.0008146402153245476
2022-06-30,-0.008157509626599117
2022-07-01,0.01052082570003682
2022-07-05,0.001886858834475866
2022-07-06,0.0033716074768864886
2022-07-07,0.014866157278781423
2022-07-08,-0.0008229276592395443
2022-07-11,-0.011489347758937214
2022-07-12,-0.008888180597806297
2022-07-13,-0.005265539094341557
2022-07-14,-0.0024316107955338825
2022-07-15,0.01892491534160202
2022-07-18,-0.008291287807009414
2022-07-19,0.026660683201736337
2022-07-20,0.006352975960731705
2022-07-21,0.01013173447802325
2022-07-22,-0.009321517532546866
2022-07-25,0.0012141365932800436
2022-07-26,-0.01190145501445454
2022-07-27,0.025635030563220123
2022-07-28,0.012464231441173744
2022-07-29,0.014473629650316587
2022-08-01,-0.0029655570817396118
2022-08-02,-0.0066193469015621955
2022-08-03,0.015538237447825405
2022-08-04,-0.0006757293603688848
2022-08-05,-0.0016917130923733146
2022-08-08,-0.0011616992435651004
2022-08-09,-0.003978811247135165
2022-08-10,0.02078641677681292
2022-08-11,0.0
2022-08-12,0.016787224901302158
2022-08-15,0.004112490644106118
2022-08-16,0.0019568708096013862
2022-08-17,-0.0071234107602203755
2022-08-18,0.002902136087985158
2022-08-19,-0.013529204315687866
2022-08-22,-0.02104217566781007
2022-08-23,-0.002422389656143977
2022-08-24,0.0031961236610583226
2022-08-25,0.01401898672651362
2022-08-26,-0.03443537782141559
2022-08-29,-0.006634132512815311
2022-08-30,-0.011038483713245052
2022-08-31,-0.007638138695161266
2022-09-01,0.0031328036813336618
2022-09-02,-0.010600134360475215
2022-09-06,-0.0037803441619404738
2022-09-07,0.01780535013992712
2022-09-08,0.006514871796270184
2022-09-09,0.01541588454238725
2022-09-12,0.010690444008964278
2022-09-13,-0.04445638448186484
2022-09-14,0.0038088775884002374
2022-09-15,-0.011418359634107252
2022-09-16,-0.00765810096300083
2022-09-19,0.007724860683445248
2022-09-20,-0.011544795703535522
2022-09-21,-0.017597900180738257
2022-09-22,-0.008435090149560367
2022-09-23,-0.01689687554457452
2022-09-26,-0.009941816597237
2022-09-27,-0.002556230186042145
2022-09-28,0.019485430103971427
2022-09-29,-0.021110171884966795
2022-09-30,-0.015584532051082452
2022-10-03,0.026058810980902253
2022-10-04,0.030516283725001096
2022-10-05,-0.0023309983383475634
2022-10-06,-0.010369308397919327
2022-10-07,-0.028290255918554084
2022-10-10,-0.007664784426307857
2022-10-11,-0.006353124672233173
2022-10-12,-0.0033040238223747014
2022-10-13,0.026048871565186708
2022-10-14,-0.023052130664145052
2022-10-17,0.025372324426087018
2022-10-18,0.011680996531286856
2022-10-19,-0.007111858491519105
2022-10-20,-0.008420521850387127
2022-10-21,0.024010933957905833
2022-10-24,0.012162181431624999
2022-10-25,0.015842337269683576
2022-10-26,-0.007562629529851485
2022-10-27,-0.005354294346508417
2022-10-28,0.02351216331379488
2022-10-31,-0.007249482597915078
2022-11-01,-0.004385507039803699
2022-11-02,-0.02541650669476037
2022-11-03,-0.010350059206232397
2022-11-04,0.014290428996377169
2022-11-07,0.009520065158602632
2022-11-08,0.005380987186090319
2022-11-09,-0.020817316260770956
2022-11-10,0.05349722357127093
2022-11-11,0.009632023859507378
2022-11-14,-0.008543176592304339
2022-11-15,0.008493051168103524
2022-11-16,-0.0076581596479954675
2022-11-17,-0.003064357384986133
2022-11-18,0.004530077517301593
2022-11-21,-0.00364261868550733
2022-11-22,0.013367129142170052
2022-11-23,0.00628193756464492
2022-11-25,-0.0002238304004414769
2022-11-28,-0.016085777628998373
2022-11-29,-0.0017190770144217737
2022-11-30,0.031014821157782303
2022-12-01,-0.0007361653937512517
2022-12-02,-0.001154314055569603
2022-12-05,-0.01815312117664815
2022-12-06,-0.014519781608277358
2022-12-07,-0.0017025569063811765
2022-12-08,0.007803421220238095
2022-12-09,-0.0074983041220508945
2022-12-12,0.014314212859096844
2022-12-13,0.007541378075417797
2022-12-14,-0.006413896711087275
2022-12-15,-0.02476604049738082
2022-12-16,-0.011876363627395628
2022-12-19,-0.00851583979177744
2022-12-20,0.0013676016060699123
2022-12-21,0.01484171549056867
2022-12-22,-0.014368882558937096
2022-12-23,0.005735978541827856
2022-12-27,-0.0039515590822385566
2022-12-28,-0.012505703634005568
2022-12-29,0.017840352453851245
2022-12-30,-0.0026377285434467605
2023-01-03,-0.004218648913778272
2023-01-04,0.007690636695805748
2023-01-05,-0.011479082659994587
2023-01-06,0.02267312478914521
2023-01-09,-0.0005672934742446828
2023-01-10,0.0069885552577384664
2023-01-11,0.012568521888932418
2023-01-12,0.0036342924484507903
2023-01-13,0.0038717663870559377
2023-01-17,-0.0018335070275190706
2023-01-18,-0.01591410543120166
2023-01-19,-0.007306272998404883
2023-01-20,0.018457799982074384
2023-01-23,0.011927002749280456
2023-01-24,-0.0010738173041376707
2023-01-25,0.00037467576612654695
2023-01-26,0.010930441373413594
2023-01-27,0.002295001964686715
2023-01-30,-0.01262620615012251
2023-01-31,0.014596357282217864
2023-02-01,0.010571730845069904
2023-02-02,0.014452121292734134
2023-02-03,-0.010686170660711033
2023-02-06,-0.006130124029819181
2023-02-07,0.012993826038129106
2023-02-08,-0.010994873316939671
2023-02-09,-0.008706998256583175
2023-02-10,0.0023308689466868984
2023-02-13,0.011670724141651653
2023-02-14,-0.0004603341915688021
2023-02-15,0.0032421835289922853
2023-02-16,-0.013864548098220294
2023-02-17,-0.0025013426502393864
2023-02-21,-0.020264897986376304
2023-02-22,-0.0013791075152977113
2023-02-23,0.005305370864127984
2023-02-24,-0.010739923766398018
2023-02-27,0.0034000751128051604
2023-02-28,-0.0037027103041786767
2023-03-01,-0.0038433220464527953
2023-03-02,0.007747187408198991
2023-03-03,0.015910666450405005
2023-03-06,0.0006925804969463957
2023-03-07,-0.015447570258220604
2023-03-08,0.0016306520979568286
2023-03-09,-0.01862195355964706
2023-03-10,-0.014534566901961957
2023-03-13,-0.0014264072607839918
2023-03-14,0.01639492011912237
2023-03-15,-0.006273950132004616
2023-03-16,0.017393058748417824
2023-03-17,-0.01176166011884236
2023-03-20,0.009569752277366735
2023-03-21,0.013045044494102258
2023-03-22,-0.017193468941308347
2023-03-23,0.002699843788151244
2023-03-24,0.006540555127810384
2023-03-27,0.001868093769420059
2023-03-28,-0.002247211079910569
2023-03-29,0.014430349114679811
2023-03-30,0.005838102527543852
2023-03-31,0.01399607685086172
2023-04-03,0.003803396522820482
2023-04-04,-0.0055634798020660434
2023-04-05,-0.0026218044242763998
2023-04-06,0.0038932647621746108
2023-04-10,0.0010258325614753924
2023-04-11,0.00026861302745316405
2023-04-12,-0.0040843203968229545
2023-04-13,0.01319533506879544
2023-04-14,-0.002445780459953044
2023-04-17,0.003581982302258086
2023-04-18,0.000651902969250569
2023-04-19,-0.00016888577496836947
2023-04-20,-0.005472104888507103
2023-04-21,0.0007765017080163569
2023-04-24,0.0010426947195884095
2023-04-25,-0.016001171538271
2023-04-26,-0.004244605007847455
2023-04-27,0.019712422729221184
2023-04-28,0.008499100552327282
2023-05-01,-0.001010466659663727
2023-05-02,-0.011302608217927036
2023-05-03,-0.006887797408228273
2023-05-04,-0.007108209849445279
2023-05-05,0.01834333539983436
2023-05-08,0.00026649323833853784
2023-05-09,-0.004394988081462448
2023-05-10,0.004661641357994486
2023-05-11,-0.0017455506237375959
2023-05-12,-0.0013112813124834285
2023-05-15,0.0034442074420169594
2023-05-16,-0.0067050751028559855
2023-05-17,0.012065927310866241
2023-05-18,0.009587091409884658
2023-05-19,-0.0014561379238529398
2023-05-22,0.0004061042351020259
2023-05-23,-0.011286217525832812
2023-05-24,-0.007271369407517165
2023-05-25,0.008622740665504522
2023-05-26,0.01286744304039397
2023-05-30,0.00038076407040209715
2023-05-31,-0.0055604674855915664
2023-06-01,0.009456112339856266
2023-06-02,0.014357573726798595
2023-06-05,-0.0019180479785971345
2023-06-06,0.0021750203617206952
2023-06-07,-0.003463642176360201
2023-06-08,0.006030259250306048
2023-06-09,0.001792653843560146
2023-06-12,0.009031116567204261
2023-06-13,0.006571393255298592
2023-06-14,0.0011900077874671365
2023-06-15,0.01232150107734813
2023-06-16,-0.003412139543268602
2023-06-20,-0.005201653769569777
2023-06-21,-0.005136935900144293
2023-06-22,0.0036032103399324506
2023-06-23,-0.007588865932191214
2023-06-26,-0.004094111535461156
2023-06-27,0.010903793239810635
2023-06-28,0.0005044010678379432
2023-06-29,0.003933458672441035
2023-06-30,0.011731611740656797
2023-07-03,0.0011497809923180218
2023-07-05,-0.0014882036166452028
2023-07-06,-0.007861465319692935
2023-07-07,-0.0025279285137442473
2023-07-10,0.002527928513744244
2023-07-11,0.006348277362923743
2023-07-12,0.008013702844823249
2023-07-13,0.00790553293680995
2023-07-14,-0.0006230097449602915
2023-07-17,0.0034663426456623516
2023-07-18,0.007403035752056121
2023-07-19,0.002221316619883213
2023-07-20,-0.006656670332305954
2023-07-21,0.0
2023-07-24,0.004457392555046897
2023-07-25,0.0027263465552375818
2023-07-26,0.00015369925981282363
2023-07-27,-0.006652055119189782
2023-07-28,0.00974278944242649
2023-07-31,0.001902123491035409
2023-08-01,-0.0028656814218183933
2023-08-02,-0.014008535309825213
2023-08-03,-0.0028699849878405835
2023-08-04,-0.004532933330008772
2023-08-07,0.00869068899768364
2023-08-08,-0.004358068348108936
2023-08-09,-0.006707900132584153
2023-08-10,0.00035895346268198405
2023-08-11,-0.0005831871237661957
2023-08-14,0.005504786007539762
2023-08-15,-0.011717282820911333
2023-08-16,-0.007365143123567518
2023-08-17,-0.00764905268806326
2023-08-18,0.0004811852420443351
2023-08-21,0.006485300868378847
2023-08-22,-0.002712377875729709
2023-08-23,0.01107617107338165
2023-08-24,-0.013955788131839824
2023-08-25,0.007024991023689866
2023-08-28,0.006321138463051123
2023-08-29,0.014351427369934281
2023-08-30,0.0041102703315114356
2023-08-31,-0.0014646434464074094
2023-09-01,0.001863643045538681
2023-09-05,-0.004331210221780315
2023-09-06,-0.006745210844362565
2023-09-07,-0.0030748828861069306
2023-09-08,0.0015048508102206823
2023-09-11,0.006555115081732286
2023-09-12,-0.005500742755693538
2023-09-13,0.0011655007596707687
2023-09-14,0.008585093436625123
2023-09-15,-0.012121204418348758
2023-09-18,0.0005860465436289654
2023-09-19,-0.0020758398134731377
2023-09-20,-0.009235926361963374
2023-09-21,-0.016666406031795034
2023-09-22,-0.002251179878487924
2023-09-25,0.0041963929008621585
2023-09-26,-0.014800164932359257
2023-09-27,0.0003989012077325467
2023-09-28,0.005780879190461778
2023-09-29,-0.002429893076937126
2023-10-02,-0.0003978619496646645
2023-10-03,-0.01347634936434413
2023-10-04,0.007255675145374146
2023-10-05,-0.0003770065597775598
2023-10-06,0.011802996034056825
2023-10-09,0.006381717292066942
2023-10-10,0.005191413702420609
2023-10-11,0.0040878896150282965
2023-10-12,-0.00611518933044803
2023-10-13,-0.004993175028111333
2023-10-16,0.010466239321709906
2023-10-17,-4.5824973873125196e-05
2023-10-18,-0.013414595156979198
2023-10-19,-0.008825205627352756
2023-10-20,-0.012364248885513343
2023-10-23,-0.0017346583770919913
2023-10-24,0.007511038454311864
2023-10-25,-0.014456182027400663
2023-10-26,-0.012046812367788236
2023-10-27,-0.004543119212760789
2023-10-30,0.011884891369225515
2023-10-31,0.006260680801248639
2023-11-01,0.010608301276138975
2023-11-02,0.018982943566816474
2023-11-03,0.009082014382045936
2023-11-06,0.0022978481285151394
2023-11-07,0.0028420759528223387
2023-11-08,0.0007321435978392722
2023-11-09,-0.007829325917656563
2023-11-10,0.015484285140177544
2023-11-13,-0.0009535638664183192
2023-11-14,0.019214833171582624
2023-11-15,0.0021148481890942913
2023-11-16,0.001222344643162959
2023-11-17,0.001242979847195037
2023-11-20,0.007668081158864118
2023-11-21,-0.00218166362876708
2023-11-22,0.003853399769709004
2023-11-24,0.0006152099350814764
2023-11-27,-0.0018026618736437482
2023-11-28,0.0009895139686784302
2023-11-29,-0.0007036803158060283
2023-11-30,0.003929834705690663
2023-12-01,0.005898502429520598
2023-12-04,-0.005263241339572857
2023-12-05,-0.00019707581990836929
2023-12-06,-0.00403798236413652
2023-12-07,0.007601531068483879
2023-12-08,0.004289894801223125
2023-12-11,0.003881986234075163
2023-12-12,0.0045568143970134345
2023-12-13,0.013695980793080417
2023-12-14,0.0032042930263354386
2023-12-15,-0.0016479526105814752
2023-12-18,0.005609326024369213
2023-12-19,0.006062531765249623
2023-12-20,-0.01395423699517184
2023-12-21,0.009437207902696105
2023-12-22,0.002007713139261966
2023-12-26,0.004213578778072539
2023-12-27,0.0018065344228258983
2023-12-28,0.0003775749548283867
2023-12-29,-0.002899184888589535
2024-01-02,-0.005612168799288234
2024-01-03,-0.008200077618946235
2024-01-04,-0.003226341414821637
2024-01-05,0.0013687987801721815
2024-01-08,0.014174976088312662
2024-01-09,-0.0015181473394466772
2024-01-10,0.005639466470761317
2024-01-11,-0.0004408361335838724
2024-01-12,0.0006924762562939971
2024-01-16,-0.0036779305418758374
2024-01-17,-0.005574202095711588
2024-01-18,0.008853634707606816
2024-01-19,0.012389020176797588
2024-01-22,0.0021120896573243605
2024-01-23,0.002912298683813415
2024-01-24,0.001092536035294635
2024-01-25,0.0054241044912557365
2024-01-26,-0.0012712062638214332
2024-01-29,0.007888179160842054
2024-01-30,-0.0007737914105120574
2024-01-31,-0.016451854235812403
2024-02-01,0.013003205076593046
2024-02-02,0.010472397718608991
2024-02-05,-0.003647841222172264
2024-02-06,0.002899047670401368
2024-02-07,0.008305906571320295
2024-02-08,0.0004415898441732085
2024-02-09,0.0057627620166426485
2024-02-12,-0.00043911458167271916
2024-02-13,-0.013868717076671037
2024-02-14,0.009046622498174164
2024-02-15,0.0068760360062306404
2024-02-16,-0.004992414971991749
2024-02-20,-0.005520655080640787
2024-02-21,0.0009054094512187804
2024-02-22,0.02048424758962334
2024-02-23,0.0006894821917777884
2024-02-26,-0.003669302612937959
2024-02-27,0.0018560248182950727
2024-02-28,-0.0013224528826255336
2024-02-29,0.0035885213758852525
2024-03-01,0.009344411054376906
2024-03-04,-0.0010730971084060334
2024-03-05,-0.010044284116081244
2024-03-06,0.005054396243674249
2024-03-07,0.00987750859721712
2024-03-08,-0.006020233407166075
2024-03-11,-0.0008602940963633521
2024-03-12,0.01069996228461096
2024-03-13,-0.0015687593743822002
2024-03-14,-0.001978778491139844
2024-03-15,-0.006890268859496288
2024-03-18,0.005925564713180833
2024-03-19,0.0055417054207450335
2024-03-20,0.009206889693541706
2024-03-21,0.0032991630472391674
2024-03-22,-0.0018975526418988785
2024-03-25,-0.0027664763602795375
2024-03-26,-0.0018488605361399798
2024-03-27,0.008368689146233755
2024-03-28,-0.00019123699660187932
2024-04-01,-0.0017410870708639517
2024-04-02,-0.006378615697775809
2024-04-03,0.001098053209298171
2024-04-04,-0.012281257653135605
2024-04-05,0.010392726993539821
2024-04-08,0.0005592182355988938
2024-04-09,0.0011561237343662102
2024-04-10,-0.010063633605811436
2024-04-11,0.007518527841692619
2024-04-12,-0.013899237453002474
2024-04-15,-0.012607244506947673
2024-04-16,-0.0018254527587405383
2024-04-17,-0.00593581994261948
2024-04-18,-0.0020598257848203124
2024-04-19,-0.0087667130060391
2024-04-22,0.009166926015029017
2024-04-23,0.011796967815987805
2024-04-24,-0.0004748270316811103
2024-04-25,-0.0038061945199162153
2024-04-26,0.009429357841225528
2024-04-29,0.003535109586503367
2024-04-30,-0.01596804143006013
2024-05-01,-0.0032523087148499936
2024-05-02,0.009309914967841695
2024-05-03,0.012319139389336669
2024-05-06,0.01027383846219407
2024-05-07,0.0011029969098604704
2024-05-08,9.653769357490229e-05
2024-05-09,0.005745268395757656
2024-05-10,0.001287219376028422
2024-05-13,0.00013441879235859117
2024-05-14,0.004577668411837334
2024-05-15,0.012306964148637384
2024-05-16,-0.0020596407494553578
2024-05-17,0.0014365111167352423
2024-05-20,0.0011513908506540086
2024-05-21,0.0024494642922206333
2024-05-22,-0.002883313528138968
2024-05-23,-0.007331086342223366
2024-05-24,0.0065947205261706054
2024-05-28,0.0006985074451602905
2024-05-29,-0.007027263265614782
2024-05-30,-0.006655738740170981
2024-05-31,0.009067043463654693
2024-06-03,0.0008149081950632324
2024-06-04,0.0011170281829170907
2024-06-05,0.011815460299800613
2024-06-06,-1.887488897131699e-05
2024-06-07,-0.0012165988926015382
2024-06-10,0.003085125063176545
2024-06-11,0.002405443553624591
2024-06-12,0.008179565345333234
2024-06-13,0.0020112541198611792
2024-06-14,0.0006084317130127014
2024-06-17,0.00792732281595392
2024-06-18,0.0025372694166813973
2024-06-20,-0.002719797221025284
2024-06-21,-0.0013418511116366934
2024-06-24,-0.003256035041134681
2024-06-25,0.0038435888291875387
2024-06-26,0.001247492641729815
2024-06-27,0.001574877098350781
2024-06-28,-0.003942714029198568
2024-07-01,0.0020560237092508457
2024-07-02,0.006707233009539323
2024-07-03,0.0044527059927613995
2024-07-05,0.005749808520088039
2024-07-08,0.0011533189084609971
2024-07-09,0.0009719247032038236
2024-07-10,0.009846532627204863
2024-07-11,-0.00865984369177248
2024-07-12,0.00628792808010645
2024-07-15,0.002746289646856217
2024-07-16,0.005912489667324292
2024-07-17,-0.014120351175631823
2024-07-18,-0.0077144340964305355
2024-07-19,-0.006662901242614875
2024-07-22,0.010257183021680268
2024-07-23,-0.0015697383348141707
2024-07-24,-0.022923273957566367
2024-07-25,-0.005224045490807719
2024-07-26,0.011137417389716396
2024-07-29,0.0005876292850229215
2024-07-30,-0.0050793189091304725
2024-07-31,0.016123809891503256
2024-08-01,-0.014262093335322532
2024-08-02,-0.018793992356037032
2024-08-05,-0.02955602821946672
2024-08-06,0.009177066406895086
2024-08-07,-0.006706182689172733
2024-08-08,0.022854200175698808
2024-08-09,0.004399880662361141
2024-08-12,0.0005252670931601574
2024-08-13,0.016311846846681518
2024-08-14,0.003149699160198637
2024-08-15,0.01699504262620347
2024-08-16,0.0022395968496822147
2024-08-19,0.009515897281917143
2024-08-20,-0.0016274958593185758
2024-08-21,0.0034305687993322438
2024-08-22,-0.0078792522202237
2024-08-23,0.010569333214828289
2024-08-26,-0.002386765053739642
2024-08-27,0.0013721290323900149
2024-08-28,-0.005822101403040916
2024-08-29,8.952501390816311e-05
2024-08-30,0.00950079670464906
2024-09-03,-0.020793725645796027
2024-09-04,-0.0020490418722639626
2024-09-05,-0.0024351434153945
2024-09-06,-0.016973443213532616
2024-09-09,0.011134269381189422
2024-09-10,0.004346227619355346
2024-09-11,0.010206583572538503
2024-09-12,0.008388181366855237
2024-09-13,0.0052089683120074455
2024-09-16,0.0014755042575100644
2024-09-17,0.0004086501594245603
2024-09-18,-0.0029702324265348905
2024-09-19,0.01692042148438286
2024-09-20,-0.0017299892220257879
2024-09-23,0.002495896938823377
2024-09-24,0.00285718254803481
2024-09-25,-0.002208118912641866
2024-09-26,0.003956852267685718
2024-09-27,-0.001451342942798752
2024-09-30,0.0039994074765734465
2024-10-01,-0.008999192248586219
2024-10-02,0.00042231325998012137
2024-10-03,-0.001829960641610971
2024-10-04,0.009046382481540709
2024-10-07,-0.009081706026014151
2024-10-08,0.009413218435385928
2024-10-09,0.0069023892108970196
2024-10-10,-0.0017515701767391648
2024-10-11,0.005970376783500133
2024-10-14,0.008145300501819257
2024-10-15,-0.007800157812194383
2024-10-16,0.0043371030688183695
2024-10-17,8.578677819207803e-05
2024-10-18,0.0038393824219763255
2024-10-21,-0.0016438431445786853
2024-10-22,-0.0005313208529428937
2024-10-23,-0.009179260776987271
2024-10-24,0.0021604668740508193
2024-10-25,-0.0003455720324323848
2024-10-28,0.003086661548734472
2024-10-29,0.0016170714627323846
2024-10-30,-0.0030296869864094907
2024-10-31,-0.01979777314547385
2024-11-01,0.004211378941941328
2024-11-04,-0.002156215803460078
2024-11-05,0.012019292924155881
2024-11-06,0.024561477968850064
2024-11-07,0.007702531946398239
2024-11-08,0.004322148076212729
2024-11-11,0.0009526401825027426
2024-11-12,-0.003111274747754966
2024-11-13,0.0004856507008776076
2024-11-14,-0.006450969292049736
2024-11-15,-0.012891272390424445
2024-11-18,0.004088932262000619
2024-11-19,0.003648915102352666
2024-11-20,0.00033877031343517496
2024-11-21,0.005353784082684051
2024-11-22,0.003094810427463105
2024-11-25,0.00338615601333358
2024-11-26,0.005207900783252429
2024-11-27,-0.003034688409689223
2024-11-29,0.006192938512433885
2024-12-02,0.0017908262637095261
2024-12-03,0.00046363154936286785
2024-12-04,0.0061902085405642635
2024-12-05,-0.0016468901865001604
2024-12-06,0.0018939000361718997
2024-12-09,-0.00516297833458787
2024-12-10,-0.0031137306624866128
2024-12-11,0.007700804622694979
2024-12-12,-0.00516606333957846
2024-12-13,-0.00019853482191767245
2024-12-16,0.004260965609044162
2024-12-17,-0.004128604681631778
2024-12-18,-0.03025661064131427
2024-12-19,-0.00030730620744283106
2024-12-20,0.0119394551793773
2024-12-23,0.005970560170484667
2024-12-24,0.01105367568985796
2024-12-26,6.648634141744888e-05
2024-12-27,-0.010582173029488507
2024-12-30,-0.011477302487702387
