Date,SPY
2015-01-05,-0.018224844402839398
2015-01-06,-0.009463414513734227
2015-01-07,0.012384032885417378
2015-01-08,0.01758913996152747
2015-01-09,-0.00804542439972809
2015-01-12,-0.00786446730035309
2015-01-13,-0.002816864903948714
2015-01-14,-0.006055424469262123
2015-01-15,-0.00920272106656237
2015-01-16,0.01302905568044267
2015-01-20,0.0021302438663091446
2015-01-21,0.005035244074184891
2015-01-22,0.014761566664634414
2015-01-23,-0.005498126603664302
2015-01-26,0.00233931850099178
2015-01-27,-0.013278539023863972
2015-01-28,-0.012906947814391487
2015-01-29,0.009201127879853645
2015-01-30,-0.01265506920512539
2015-02-02,0.012308228869758873
2015-02-03,0.014357598605086005
2015-02-04,-0.0038150654895623554
2015-02-05,0.010044471918815438
2015-02-06,-0.0027694672681175766
2015-02-09,-0.004485434005555113
2015-02-10,0.01059672628943345
2015-02-11,0.0005800255018529916
2015-02-12,0.009570980894497972
2015-02-13,0.004107933633447061
2015-02-17,0.0015719264925130078
2015-02-18,9.523395180648485e-05
2015-02-19,-0.0007140820148806696
2015-02-20,0.005982395791829167
2015-02-23,-0.00014162515585696103
2015-02-24,0.0028364202131004085
2015-02-25,-0.0008498471966975704
2015-02-26,-0.0011823251391431123
2015-02-27,-0.003411975061479552
2015-03-02,0.006293793043548249
2015-03-03,-0.004112715407312813
2015-03-04,-0.004224092714221812
2015-03-05,0.0010933637167906015
2015-03-06,-0.01416445047711482
2015-03-09,0.004136075818672881
2015-03-10,-0.016354948835482004
2015-03-11,-0.0023443292171535365
2015-03-12,0.01263394212596073
2015-03-13,-0.006151626613526041
2015-03-16,0.013272298583010843
2015-03-17,-0.0029772439234646447
2015-03-18,0.011950282539096512
2015-03-19,-0.0045720977050493095
2015-03-20,0.0087883673421974
2015-03-23,-0.0019507107044666318
2015-03-24,-0.005635003819654721
2015-03-25,-0.014762070946047012
2015-03-26,-0.0023840366453567055
2015-03-27,0.002286678704185881
2015-03-30,0.012126124473692039
2015-03-31,-0.00877792504131091
2015-04-01,-0.003542499090104658
2015-04-02,0.003590794995671252
2015-04-06,0.006710694259040082
2015-04-07,-0.002649786823864314
2015-04-08,0.0033714789195143815
2015-04-09,0.0044139173769906686
2015-04-10,0.0054420422524415575
2015-04-13,-0.00453320937744072
2015-04-14,0.0019111652930439323
2015-04-15,0.0044771086763014
2015-04-16,-0.000284923162880931
2015-04-17,-0.011570450598875046
2015-04-20,0.00909524006355203
2015-04-21,-0.0011915969282291815
2015-04-22,0.004901988738702825
2015-04-23,0.0025129246181088494
2015-04-24,0.002318047019010871
2015-04-27,-0.004166518775866712
2015-04-28,0.0031735178241087303
2015-04-29,-0.004122970692285616
2015-04-30,-0.010070923078560409
2015-05-01,0.010782880192506816
2015-05-04,0.002843376401894394
2015-05-05,-0.011517698465532907
2015-05-06,-0.0041252807914871105
2015-05-07,0.003981567039607111
2015-05-08,0.013080117580708666
2015-05-11,-0.004784058803018666
2015-05-12,-0.002995842173430169
2015-05-13,0.00019051383171046318
2015-05-14,0.010373621054707086
2015-05-15,0.0010832652702971316
2015-05-18,0.0031017398328209754
2015-05-19,-0.0003285817511460206
2015-05-20,-0.0007043202074508303
2015-05-21,0.0029083946342037237
2015-05-22,-0.0023917244050453887
2015-05-26,-0.010809721126770006
2015-05-27,0.009447194115914707
2015-05-28,-0.0011287796477484505
2015-05-29,-0.006232596320493587
2015-06-01,0.00203452688638527
2015-06-02,-0.000993030657541383
2015-06-03,0.0026461812787814654
2015-06-04,-0.00848272592995597
2015-06-05,-0.0017148593931147565
2015-06-08,-0.006168334047573367
2015-06-09,-0.00014409108125713148
2015-06-10,0.01192232811175723
2015-06-11,0.0032180984332879858
2015-06-12,-0.007684493205778487
2015-06-15,-0.004294564978792246
2015-06-16,0.0054368540799978144
2015-06-17,0.0016158315678845329
2015-06-18,0.010345517189412621
2015-06-19,-0.004449055679767619
2015-06-22,0.0051103197271471406
2015-06-23,0.000707362239226986
2015-06-24,-0.00728908155108779
2015-06-25,-0.0030450755162108063
2015-06-26,-0.00019034346207720285
2015-06-29,-0.021193580805494636
2015-06-30,0.0020910012926553282
2015-07-01,0.007983622312235646
2015-07-02,-0.0009161069425039559
2015-07-06,-0.0028500586836739594
2015-07-07,0.006269085719580496
2015-07-08,-0.01691974068461119
2015-07-09,0.0018074684695444441
2015-07-10,0.012512926997519021
2015-07-13,0.010976751146757065
2015-07-14,0.004328496375605587
2015-07-15,-0.00033195778434492995
2015-07-16,0.007992383988693943
2015-07-17,0.000847033317056128
2015-07-20,0.0005179635693705658
2015-07-21,-0.003959500019464574
2015-07-22,-0.0017960581053540238
2015-07-23,-0.005645689883223554
2015-07-24,-0.010426086409844654
2015-07-27,-0.005834785185923384
2015-07-28,0.012208395706658895
2015-07-29,0.00685585490757439
2015-07-30,0.0002370672998526725
2015-07-31,-0.0015190676203773127
2015-08-03,-0.0033787644056972412
2015-08-04,-0.001956479139955579
2015-08-05,0.003290393805227572
2015-08-06,-0.008221383976206342
2015-08-07,-0.0019219508686926842
2015-08-10,0.01252074810836752
2015-08-11,-0.009064066212605276
2015-08-12,0.001196952518012151
2015-08-13,-0.0012445882211027763
2015-08-14,0.0036354207522028875
2015-08-17,0.005571204904700962
2015-08-18,-0.002900969394393893
2015-08-19,-0.007936758915732207
2015-08-20,-0.021102619926533086
2015-08-21,-0.030564780176562334
2015-08-24,-0.043019180044131036
2015-08-25,-0.011837395742958178
2015-08-26,0.03767483711964966
2015-08-27,0.02443432136388028
2015-08-28,5.051983587523957e-05
2015-08-31,-0.008112406245296501
2015-09-01,-0.0303020013936343
2015-09-02,0.018803127800724524
2015-09-03,0.0007161660298793151
2015-09-04,-0.015252518131176533
2015-09-08,0.024820640087608634
2015-09-09,-0.013462180304849776
2015-09-10,0.005426921809593287
2015-09-11,0.004534205860648766
2015-09-14,-0.003717477434021565
2015-09-15,0.012421915719996854
2015-09-16,0.008629688165886343
2015-09-17,-0.0022509130532263584
2015-09-18,-0.016476158091139503
2015-09-21,0.005153902622183945
2015-09-22,-0.01306434770119583
2015-09-23,-0.0016000656974739411
2015-09-24,-0.003622445517520778
2015-09-25,-0.00025916172033502437
2015-09-28,-0.025417452883199174
2015-09-29,0.0005846419610191852
2015-09-30,0.01848656627006345
2015-10-01,0.0026056239972047047
2015-10-02,0.014827710054810093
2015-10-05,0.017638177733697604
2015-10-06,-0.003431942136033361
2015-10-07,0.00815701863441803
2015-10-08,0.008986294148280897
2015-10-09,0.0005959548940551847
2015-10-12,0.0009436408862508465
2015-10-13,-0.006322234697028087
2015-10-14,-0.004805713394643506
2015-10-15,0.0152380070143333
2015-10-16,0.0045360578832553495
2015-10-19,0.0004917851449687307
2015-10-20,-0.0012791804439870687
2015-10-21,-0.0062225219246250865
2015-10-22,0.01675240309978316
2015-10-23,0.01090212827186352
2015-10-26,-0.0024608261647646058
2015-10-27,-0.0019344761871127195
2015-10-28,0.011310624144257242
2015-10-29,-0.0005745622047504269
2015-10-30,-0.00431911826800752
2015-11-02,0.011761767080192002
2015-11-03,0.0028949625908014356
2015-11-04,-0.0030376967999741675
2015-11-05,-0.0009988485131369926
2015-11-06,-0.0005236828236249019
2015-11-09,-0.009375221218291992
2015-11-10,0.002304190351081853
2015-11-11,-0.003939485344020689
2015-11-12,-0.0140580736247337
2015-11-13,-0.01129169645184691
2015-11-16,0.015092383727343133
2015-11-17,-0.0007297363466330824
2015-11-18,0.015741244881709273
2015-11-19,-0.0008623985377113616
2015-11-20,0.003637160879683947
2015-11-23,-0.0011473036077067156
2015-11-24,0.00133876784205035
2015-11-25,-0.00014361636943295157
2015-11-27,0.0011460204330673526
2015-11-30,-0.004160142998528223
2015-12-01,0.009490310625151717
2015-12-02,-0.010257334989061402
2015-12-03,-0.014101592594283502
2015-12-04,0.019315124768262387
2015-12-07,-0.00607684503060736
2015-12-08,-0.006742494471788574
2015-12-09,-0.007809881748904208
2015-12-10,0.002577645091998435
2015-12-11,-0.019571396651191793
2015-12-14,0.005039608980163207
2015-12-15,0.01044338627551703
2015-12-16,0.014525902016982065
2015-12-17,-0.0153554226035328
2015-12-18,-0.01797568267642217
2015-12-21,0.008215509529883971
2015-12-22,0.009033036806688278
2015-12-23,0.01230719645904785
2015-12-24,-0.0016515963599294168
2015-12-28,-0.0022876468033199322
2015-12-29,0.010615365983701823
2015-12-30,-0.007112808134181236
2015-12-31,-0.01005427886560231
2016-01-04,-0.014077670135007304
2016-01-05,0.0016900295791064672
2016-01-06,-0.012694322789918899
2016-01-07,-0.024284100509405916
2016-01-08,-0.011037676103958645
2016-01-11,0.000989655022178155
2016-01-12,0.008035954041468474
2016-01-13,-0.025256726898999125
2016-01-14,0.01628308619320068
2016-01-15,-0.021699395386829846
2016-01-19,0.0013299532280844593
2016-01-20,-0.01289752158983138
2016-01-21,0.00558581820188029
2016-01-22,0.020308015797795165
2016-01-25,-0.01523198679011239
2016-01-26,0.013550882489160254
2016-01-27,-0.010943065220107006
2016-01-28,0.005195511058926004
2016-01-29,0.02408532710836993
2016-02-01,-0.00036130930816574014
2016-02-02,-0.018186623008758257
2016-02-03,0.005976819103728513
2016-02-04,0.0015669625171307832
2016-02-05,-0.019233837857834477
2016-02-08,-0.013552542727219013
2016-02-09,5.4081358474663615e-05
2016-02-10,-0.0008632235235291482
2016-02-11,-0.013093710960146663
2016-02-12,0.020407419653162284
2016-02-16,0.016737320322649397
2016-02-17,0.01620289274264178
2016-02-18,-0.004104223714977716
2016-02-19,-0.00046873536060247704
2016-02-22,0.01437552262696919
2016-02-23,-0.012710258910078922
2016-02-24,0.004565553945272272
2016-02-25,0.012039074497075619
2016-02-26,-0.0023046240281675433
2016-02-29,-0.007873104047066561
2016-03-01,0.023235123540424913
2016-03-02,0.004481812613691728
2016-03-03,0.003912250350454738
2016-03-04,0.0032484973937112528
2016-03-07,0.0007977781158958221
2016-03-08,-0.010978015011771806
2016-03-09,0.004927503578525118
2016-03-10,0.000802068198211891
2016-03-11,0.01600860485159265
2016-03-14,-0.0012831703972749347
2016-03-15,-0.001631082590591112
2016-03-16,0.00577098802375946
2016-03-17,0.006323827128428904
2016-03-18,0.00392172929948594
2016-03-21,0.0014178394750428563
2016-03-22,-0.0005373864250570416
2016-03-23,-0.006621269541360687
2016-03-24,-0.0004430100688634007
2016-03-28,0.0005905483610025091
2016-03-29,0.009207554362480013
2016-03-30,0.004377931504501795
2016-03-31,-0.002429691694602995
2016-04-01,0.006788886672998911
2016-04-04,-0.003243514346646632
2016-04-05,-0.010037975338618953
2016-04-06,0.010862118919229212
2016-04-07,-0.012037977058250273
2016-04-08,0.002692854026603094
2016-04-11,-0.002349792792252809
2016-04-12,0.009269677504303459
2016-04-13,0.0100505106867357
2016-04-14,4.77909535949808e-05
2016-04-15,-0.0011062354028565627
2016-04-18,0.007002013786462148
2016-04-19,0.003149368518528123
2016-04-20,0.0009523681899810129
2016-04-21,-0.005393099729746981
2016-04-22,0.0
2016-04-25,-0.0017239576155962453
2016-04-26,0.0014850491663288615
2016-04-27,0.0020558127136899042
2016-04-28,-0.009117195733493788
2016-04-29,-0.005413219868883355
2016-05-02,0.00791714333743801
2016-05-03,-0.008741820259084819
2016-05-04,-0.005593427944907289
2016-05-05,-0.00019528610853046592
2016-05-06,0.0036523884440803856
2016-05-09,0.0008263528603371582
2016-05-10,0.012357006797438052
2016-05-11,-0.009398619948916071
2016-05-12,0.00029018118488794646
2016-05-13,-0.00875242215393328
2016-05-16,0.009817201403859116
2016-05-17,-0.009377651221202614
2016-05-18,0.00029286788239871295
2016-05-19,-0.003470879286720042
2016-05-20,0.00629758034818014
2016-05-23,-0.0013633849955598115
2016-05-24,0.012878879234454955
2016-05-25,0.006760066039366565
2016-05-26,0.0002865838188925005
2016-05-27,0.0042900382665100765
2016-05-31,-0.001904288591882985
2016-06-01,0.0020468938817246635
2016-06-02,0.0030392799892992573
2016-06-03,-0.0029916642332790656
2016-06-06,0.0050758131815055495
2016-06-07,0.001559737272019675
2016-06-08,0.003254571082390087
2016-06-09,-0.0013665657091550107
2016-06-10,-0.009522854713384637
2016-06-13,-0.007741362731455244
2016-06-14,-0.0019686966574958826
2016-06-15,-0.0013952004755531505
2016-06-16,0.00297990608285065
2016-06-17,-0.0037313842458505295
2016-06-20,0.006419402258400478
2016-06-21,0.0028346978125656026
2016-06-22,-0.0016320539075804353
2016-06-23,0.012938332723473929
2016-06-24,-0.036569728219584874
2016-06-27,-0.018072020785371273
2016-06-28,0.017874913025447577
2016-06-29,0.016884218264284257
2016-06-30,0.013553979345484598
2016-07-01,0.0020977869370262595
2016-07-05,-0.00721930995678234
2016-07-06,0.0059801864731025434
2016-07-07,-0.0006204356459657475
2016-07-08,0.014780792472563817
2016-07-11,0.0035207314607462506
2016-07-12,0.007236961977396219
2016-07-13,-0.00013952460598749272
2016-07-14,0.005567999093174556
2016-07-15,-0.0013428208429009877
2016-07-18,0.0026835939239744904
2016-07-19,-0.0010169707285833073
2016-07-20,0.0041541999627360895
2016-07-21,-0.003784280241149851
2016-07-22,0.004475067886708854
2016-07-25,-0.002719548222896714
2016-07-26,0.0004613762356653804
2016-07-27,-0.001061623658292147
2016-07-28,0.001154021327733622
2016-07-29,0.0016130346591451074
2016-08-01,-0.0008293131499264935
2016-08-02,-0.006427642513713604
2016-08-03,0.0029186332785471345
2016-08-04,0.001063045164026063
2016-08-05,0.008145871048384752
2016-08-08,-0.0005959550961049041
2016-08-09,0.0005959550961050167
2016-08-10,-0.0024783834980355826
2016-08-11,0.004630176211459681
2016-08-12,-0.0008694272397102658
2016-08-15,0.002879567843588819
2016-08-16,-0.005170812923565121
2016-08-17,0.0018790956061632551
2016-08-18,0.0022415197168594724
2016-08-19,-0.0014633751314542408
2016-08-22,-4.541591006534699e-05
2016-08-23,0.0020113244340596716
2016-08-24,-0.005127765982340891
2016-08-25,-0.0006893435738250018
2016-08-26,-0.0018849665127272704
2016-08-29,0.004912245286790904
2016-08-30,-0.0016503742813114956
2016-08-31,-0.002847509495456161
2016-09-01,4.5984034367744137e-05
2016-09-02,0.004497677415102815
2016-09-06,0.003018166762508612
2016-09-07,-9.136286925796597e-05
2016-09-08,-0.002285891777621916
2016-09-09,-0.024225813732597547
2016-09-12,0.014245259035632481
2016-09-13,-0.014479882666316193
2016-09-14,-0.0003749438902704926
2016-09-15,0.009943201116753755
2016-09-16,-0.0038729899697036592
2016-09-19,0.00018735187158056666
2016-09-20,4.67701805211688e-05
2016-09-21,0.0111828362036552
2016-09-22,0.006281755866662707
2016-09-23,-0.005494436560229853
2016-09-26,-0.008135225948057745
2016-09-27,0.006188792416290573
2016-09-28,0.004951150713910136
2016-09-29,-0.009088361905379599
2016-09-30,0.007517914714515969
2016-10-03,-0.00240701318180097
2016-10-04,-0.005110901532715091
2016-10-05,0.004415481696040861
2016-10-06,0.000695419836674109
2016-10-07,-0.0034354451029729536
2016-10-10,0.005195216288626707
2016-10-11,-0.01271024937742626
2016-10-12,0.0013111051153916788
2016-10-13,-0.0032807418592218957
2016-10-14,0.0005160659547290326
2016-10-17,-0.0034783985787961414
2016-10-18,0.006243074483288989
2016-10-19,0.002663564203668921
2016-10-20,-0.0018683088259169318
2016-10-21,0.0004671559886621832
2016-10-24,0.004243867755849075
2016-10-25,-0.0033562347565647735
2016-10-26,-0.0020096884936525038
2016-10-27,-0.002670551915466762
2016-10-28,-0.0029596063081741317
2016-10-31,4.696162264538254e-05
2016-11-01,-0.0072716402798336695
2016-11-02,-0.006036618427257736
2016-11-03,-0.0045877368590621715
2016-11-04,-0.001102240536545914
2016-11-07,0.021817062170819683
2016-11-08,0.0044939740785671705
2016-11-09,0.010546266983656735
2016-11-10,0.002492379699817368
2016-11-11,-0.0023077157078779443
2016-11-14,0.0007852193774749081
2016-11-15,0.007772822211391312
2016-11-16,-0.0018804223148924082
2016-11-17,0.005127582020490955
2016-11-18,-0.002240194235393263
2016-11-21,0.007523314240874549
2016-11-22,0.0019513107097929368
2016-11-23,0.000543908445873897
2016-11-25,0.003708504176823364
2016-11-28,-0.004706069980580858
2016-11-29,0.0019485538623403645
2016-11-30,-0.002402175775617279
2016-12-01,-0.003682102525806455
2016-12-02,0.0005007322799449848
2016-12-05,0.005990835644690038
2016-12-06,0.003162398169970991
2016-12-07,0.01299590175556413
2016-12-08,0.002445842061921524
2016-12-09,0.006022385086859467
2016-12-12,-0.0011488096471259119
2016-12-13,0.006652256265567971
2016-12-14,-0.008288664085056185
2016-12-15,0.0041087563945681966
2016-12-16,-0.0019578877051208386
2016-12-19,0.002175246447121727
2016-12-20,0.00385014032902527
2016-12-21,-0.002786537745363569
2016-12-22,-0.0017291930519997554
2016-12-23,0.0014632617885886755
2016-12-27,0.002478084843992067
2016-12-28,-0.00829893783167846
2016-12-29,-0.0002226957275856993
2016-12-30,-0.003661905742664118
2017-01-03,0.007620841002616345
2017-01-04,0.005931767547768002
2017-01-05,-0.0007946850836735722
2017-01-06,0.003571275280530537
2017-01-09,-0.003306465735191092
2017-01-10,0.0
2017-01-11,0.0028222983105724354
2017-01-12,-0.0025132090289339158
2017-01-13,0.0022928507568511455
2017-01-17,-0.0035297036129406973
2017-01-18,0.0022074660473877486
2017-01-19,-0.0037113124816544186
2017-01-20,0.0036672388653383545
2017-01-23,-0.0026055021665724425
2017-01-24,0.00639138411497125
2017-01-25,0.008618369678336424
2017-01-26,-0.0010459110222347306
2017-01-27,-0.0015714593478335797
2017-01-30,-0.006221028357482098
2017-01-31,-8.760687647549728e-05
2017-02-01,0.00039544815377682635
2017-02-02,0.000658655563800586
2017-02-03,0.006869259313708808
2017-02-06,-0.0017894783721214061
2017-02-07,4.388297166633922e-05
2017-02-08,0.0013095205757737696
2017-02-09,0.005915089557850512
2017-02-10,0.003938407650852074
2017-02-13,0.005427797859256419
2017-02-14,0.003987215649354577
2017-02-15,0.005207226374282676
2017-02-16,-0.0008517605491737023
2017-02-17,0.0015749021380089031
2017-02-21,0.005937664304012066
2017-02-22,-0.0008883977375914608
2017-02-23,0.0006769389435594534
2017-02-24,0.0012679336625086093
2017-02-27,0.0015616978788573917
2017-02-28,-0.0027028403406248666
2017-03-01,0.013900221335800093
2017-03-02,-0.006317284617599685
2017-03-03,0.0006295945579219762
2017-03-06,-0.002982506935141134
2017-03-07,-0.002991205795772907
2017-03-08,-0.0018581688398334384
2017-03-09,0.0012671420081999257
2017-03-10,0.003498073730465604
2017-03-13,0.000504773059113748
2017-03-14,-0.0038339463333772745
2017-03-15,0.00861636689230467
2017-03-16,-0.0019691408787887426
2017-03-17,-0.001757631224491306
2017-03-20,-0.0010974499116338258
2017-03-21,-0.012922680412023952
2017-03-22,0.0023503687501903285
2017-03-23,-0.0010678964315282524
2017-03-24,-0.0007261971873530461
2017-03-27,-0.0010270726107658617
2017-03-28,0.007250682315029399
2017-03-29,0.0009343521618836021
2017-03-30,0.003178972441342496
2017-03-31,-0.002330128807566107
2017-04-03,-0.0017406893501478048
2017-04-04,0.0006370818676300271
2017-04-05,-0.002977324633262295
2017-04-06,0.002807470847598306
2017-04-07,-0.0010198036291035445
2017-04-10,0.0005951547538829616
2017-04-11,-0.0011908878982863098
2017-04-12,-0.004391610270881699
2017-04-13,-0.006515514682652603
2017-04-17,0.008820456683477113
2017-04-18,-0.0029884424165536163
2017-04-19,-0.0018405411725794531
2017-04-20,0.008106539757476418
2017-04-21,-0.00319212365384341
2017-04-24,0.010937918784672438
2017-04-25,0.00580184036813785
2017-04-26,-0.0006291011313666634
2017-04-27,0.0008385174596986049
2017-04-28,-0.0021820076191003085
2017-05-01,0.0025171884209525103
2017-05-02,0.0003771095297924973
2017-05-03,-0.001215713794636984
2017-05-04,0.001173819757879416
2017-05-05,0.003929070034411239
2017-05-08,-0.00016686322617403323
2017-05-09,-0.0009182091304753663
2017-05-10,0.0017942415336047767
2017-05-11,-0.0020448552508166747
2017-05-12,-0.0016724874999870262
2017-05-15,0.005508370746729667
2017-05-16,-0.0009159085453661604
2017-05-17,-0.01790337571767945
2017-05-18,0.004020278857760816
2017-05-19,0.006483424079505708
2017-05-22,0.005064390171181052
2017-05-23,0.0022101348824844287
2017-05-24,0.002330278890449722
2017-05-25,0.004767954850824483
2017-05-26,-0.00020653362852853112
2017-05-30,-0.000869360664322253
2017-05-31,-0.000248330357540111
2017-06-01,0.00792082990742073
2017-06-02,0.003322664001908214
2017-06-05,-0.0007373843165288674
2017-06-06,-0.003202087156164963
2017-06-07,0.0018484899906679759
2017-06-08,0.0004924357143836853
2017-06-09,-0.0015189126746817034
2017-06-12,-0.00020520555958438084
2017-06-13,0.004877756325987426
2017-06-14,-0.0012684386175054031
2017-06-15,-0.0019259445651580505
2017-06-16,0.00021817564435125234
2017-06-19,0.008290717950920654
2017-06-20,-0.00676683199426357
2017-06-21,-0.00024688317308249223
2017-06-22,-0.00045302921547799686
2017-06-23,0.0011934959560268423
2017-06-26,0.0006578762424715948
2017-06-27,-0.008088780347196418
2017-06-28,0.008910696796137717
2017-06-29,-0.008827915536812404
2017-06-30,0.0018627189776077564
2017-07-03,0.0016943735854291538
2017-07-05,0.0023094042339662185
2017-07-06,-0.009186588725551533
2017-07-07,0.006464174967132295
2017-07-10,0.00107331165053056
2017-07-11,-0.0007430057575892232
2017-07-12,0.0074864943411482995
2017-07-13,0.0016787548894277712
2017-07-14,0.00465372992370467
2017-07-17,-0.0001222587747530421
2017-07-18,0.0005293957506821244
2017-07-19,0.005399373131798635
2017-07-20,0.0004451361946707496
2017-07-21,-0.0008905413612516936
2017-07-24,-0.00024322488297717955
2017-07-25,0.0024278262227789378
2017-07-26,4.0443282378069426e-05
2017-07-27,-0.0009299031086052584
2017-07-28,-0.0011736927105502495
2017-07-31,-0.0005673355196696694
2017-08-01,0.0022263889156313435
2017-08-02,0.00048505464733961194
2017-08-03,-0.0019417025716935248
2017-08-04,0.001820302147066369
2017-08-07,0.001857647984708106
2017-08-08,-0.002463953103252137
2017-08-09,-4.040045325338783e-05
2017-08-10,-0.01421601104538921
2017-08-11,0.0014756133842166587
2017-08-14,0.009864456293983238
2017-08-15,-0.00012134774215116591
2017-08-16,0.0017425796769426976
2017-08-17,-0.015713664227264376
2017-08-18,-0.0015643245806058023
2017-08-21,0.0007822524896429419
2017-08-22,0.010402836304201593
2017-08-23,-0.003591673223920885
2017-08-24,-0.0023334936044447432
2017-08-25,0.002333493604444803
2017-08-28,4.077341673760022e-05
2017-08-29,0.0011443334572214588
2017-08-30,0.00472636146085334
2017-08-31,0.005997892333057061
2017-09-01,0.0014133675992421266
2017-09-05,-0.007208185011045188
2017-09-06,0.003408138185716697
2017-09-07,-0.00012145373414603122
2017-09-08,-0.0011754749057311014
2017-09-11,0.010609399866221603
2017-09-12,0.003365061728467337
2017-09-13,0.00047982997400089977
2017-09-14,-0.0003199774486140288
2017-09-15,0.0013453377611152104
2017-09-18,0.0021246779702558793
2017-09-19,0.0010005867614050177
2017-09-20,0.00036003855998739714
2017-09-21,-0.0026831771928612054
2017-09-22,0.00020072711216594216
2017-09-25,-0.0020467824031430385
2017-09-26,0.0006024749668888904
2017-09-27,0.0038866592504783275
2017-09-28,0.001199125563487875
2017-09-29,0.003508816739554552
2017-10-02,0.004329195441642248
2017-10-03,0.002137797547503683
2017-10-04,0.001185945189433564
2017-10-05,0.0059075602107424895
2017-10-06,-0.0011396051533404318
2017-10-09,-0.001652346131565501
2017-10-10,0.0026350604233334966
2017-10-11,0.001569573729825041
2017-10-12,-0.0014913640730354638
2017-10-13,0.001216852816179748
2017-10-16,0.0013324600275182762
2017-10-17,0.0007049499685621016
2017-10-18,0.0009782130824584026
2017-10-19,0.0002733451129504138
2017-10-20,0.005147307502817582
2017-10-23,-0.003896838787583034
2017-10-24,0.0017556058960020078
2017-10-25,-0.004962582775207613
2017-10-26,0.0012920742164000487
2017-10-27,0.008142886699822298
2017-10-30,-0.0037321339620592746
2017-10-31,0.0015567658008613582
2017-11-01,0.00132120300539696
2017-11-02,0.0003885190577050174
2017-11-03,0.003333043787010155
2017-11-06,0.0015461979511246448
2017-11-07,-0.0006953387269322441
2017-11-08,0.0016990801784767353
2017-11-09,-0.0036340522254912754
2017-11-10,-0.00030974128502809275
2017-11-13,0.0009294743311426863
2017-11-14,-0.0023254088301923386
2017-11-15,-0.005017721018676193
2017-11-16,0.008465140832717426
2017-11-17,-0.002943006456190306
2017-11-20,0.0017048163681628783
2017-11-21,0.006521359245603735
2017-11-22,-0.0008848693840426971
2017-11-24,0.0023071899134525973
2017-11-27,-0.0004994351666441862
2017-11-28,0.010093738727536859
2017-11-29,-0.0006090264249796634
2017-11-30,0.008716887746597311
2017-12-01,-0.002077532526587324
2017-12-04,-0.0012107652202671432
2017-12-05,-0.003603018492931677
2017-12-06,0.000189741132003411
2017-12-07,0.003148245450930084
2017-12-08,0.005438275322227538
2017-12-11,0.00300862053154981
2017-12-12,0.0017632663334944062
2017-12-13,-0.00011256418222213762
2017-12-14,-0.00409485164643953
2017-12-15,0.008293218968892895
2017-12-18,0.006321414839040762
2017-12-19,-0.003847985917533924
2017-12-20,-0.000524238161895397
2017-12-21,0.0020574434131255125
2017-12-22,-0.00026132769090068833
2017-12-26,-0.001197073530997457
2017-12-27,0.0004862191954541426
2017-12-28,0.0020557303936388164
2017-12-29,-0.0037779039914526934
2018-01-02,0.007131719882180954
2018-01-03,0.006305439458775693
2018-01-04,0.004205792341715501
2018-01-05,0.006641953980314107
2018-01-08,0.0018270792351680512
2018-01-09,0.002260949417843746
2018-01-10,-0.001530887416589056
2018-01-11,0.007269450833655481
2018-01-12,0.006497864072139013
2018-01-16,-0.0034241002561158146
2018-01-17,0.009486341165552914
2018-01-18,-0.0016824611351000114
2018-01-19,0.004539746889810044
2018-01-22,0.008097681604975487
2018-01-23,0.0021203367319445445
2018-01-24,-0.0003883451813582198
2018-01-25,0.00042337551036437086
2018-01-26,0.011511721512785825
2018-01-29,-0.006652342066281178
2018-01-30,-0.010309792577053375
2018-01-31,0.0004968999069792836
2018-02-01,-0.0011357482928181463
2018-02-02,-0.022010554208024356
2018-02-05,-0.042722288548549724
2018-02-06,0.01951084840292334
2018-02-07,-0.005439814984536046
2018-02-08,-0.03823067081940329
2018-02-09,0.0149099642031338
2018-02-12,0.014577745910734545
2018-02-13,0.0024843869891332704
2018-02-14,0.013405855929382154
2018-02-15,0.012679401741081458
2018-02-16,0.0002928888248268931
2018-02-20,-0.006280545217535929
2018-02-21,-0.004986868487062953
2018-02-22,0.0012952153896751226
2018-02-23,0.015813542442820853
2018-02-26,0.0115452894730501
2018-02-27,-0.012565178080216026
2018-02-28,-0.010181658474614358
2018-03-01,-0.014647181710026862
2018-03-02,0.005141633326370102
2018-03-05,0.011491513762385256
2018-03-06,0.002531808327352685
2018-03-07,-0.00036671827135931716
2018-03-08,0.004827653294936542
2018-03-09,0.017252894757589458
2018-03-12,-0.001255975524018123
2018-03-13,-0.006483821034688094
2018-03-14,-0.005144821009259701
2018-03-15,-0.0010898101576908663
2018-03-16,0.0010835928622740527
2018-03-19,-0.013622626578870856
2018-03-20,0.0016992362933888232
2018-03-21,-0.0019213158541764946
2018-03-22,-0.0253147727343295
2018-03-23,-0.021545343238489712
2018-03-26,0.02699190083002881
2018-03-27,-0.017158395392304945
2018-03-28,-0.0029592768931087188
2018-03-29,0.012697025364184636
2018-04-02,-0.02182116932869309
2018-04-03,0.012735602095952916
2018-04-04,0.010641982284805805
2018-04-05,0.007861339819366101
2018-04-06,-0.022538032017380076
2018-04-09,0.004916423464797015
2018-04-10,0.015774988768543077
2018-04-11,-0.005255863365110764
2018-04-12,0.008193279543778676
2018-04-13,-0.002937416178668
2018-04-16,0.008188187841477268
2018-04-17,0.01064181083521556
2018-04-18,0.0007397964559344161
2018-04-19,-0.005562756641645216
2018-04-20,-0.008515742926119285
2018-04-23,-0.0001499869878441723
2018-04-24,-0.013558855357546279
2018-04-25,0.002468580270041176
2018-04-26,0.010114616954733351
2018-04-27,0.0009379963676533766
2018-04-30,-0.007720038452227568
2018-05-01,0.001775247019663476
2018-05-02,-0.006739975814613458
2018-05-03,-0.002206301062559004
2018-05-04,0.012863574267373504
2018-05-07,0.0033773927047713054
2018-05-08,0.0
2018-05-09,0.009618949240864127
2018-05-10,0.009307600207676242
2018-05-11,0.0030463770840783214
2018-05-14,0.00047663375574014214
2018-05-15,-0.006910783923258035
2018-05-16,0.004196160793358785
2018-05-17,-0.0008449783602523639
2018-05-18,-0.0025031149864117477
2018-05-21,0.007490059334795226
2018-05-22,-0.002783891194776866
2018-05-23,0.002747418242632202
2018-05-24,-0.0020505449501409473
2018-05-25,-0.002385501264375249
2018-05-29,-0.011567495646670096
2018-05-30,0.013256123618554166
2018-05-31,-0.0061446946360467795
2018-06-01,0.009769991976272749
2018-06-04,0.004739941869564065
2018-06-05,0.0007271884862235546
2018-06-06,0.008325965886293439
2018-06-07,-0.00010808140707058821
2018-06-08,0.0029518036435651675
2018-06-11,0.0013291710165920195
2018-06-12,0.001291722496932975
2018-06-13,-0.003195742393143158
2018-06-14,0.002514288551695947
2018-06-15,-0.0012765818967590172
2018-06-18,-0.0020591919164142623
2018-06-19,-0.0038398911189565705
2018-06-20,0.0017045805743053659
2018-06-21,-0.006288764345900698
2018-06-22,0.001821420411669786
2018-06-25,-0.013705965021682379
2018-06-26,0.0022114799168259404
2018-06-27,-0.008318865894616997
2018-06-28,0.0057011195225956214
2018-06-29,0.0014388105888304872
2018-07-02,0.0021354243365020427
2018-07-03,-0.003537024403255701
2018-07-05,0.008124528811043885
2018-07-06,0.008422931803789384
2018-07-09,0.00896397003300854
2018-07-10,0.003591742916895047
2018-07-11,-0.00734131472278786
2018-07-12,0.009025255860171838
2018-07-13,0.0007872897316510794
2018-07-16,-0.0008946815142823404
2018-07-17,0.0040372900540128044
2018-07-18,0.0021015743892402092
2018-07-19,-0.0037787215773681182
2018-07-20,-0.0011434247484064378
2018-07-23,0.0018574859854886296
2018-07-24,0.005019389250804793
2018-07-25,0.008486313444665071
2018-07-26,-0.002361751367405159
2018-07-27,-0.006799714711784643
2018-07-30,-0.005236785696869857
2018-07-31,0.004916862285669563
2018-08-01,-0.0016715893565486927
2018-08-02,0.005432421129920617
2018-08-03,0.004275681477930363
2018-08-06,0.003660743104167272
2018-08-07,0.003296822574371815
2018-08-08,-0.0004199314890118608
2018-08-09,-0.0013672894173326884
2018-08-10,-0.00672295210122251
2018-08-13,-0.003750342399263237
2018-08-14,0.006360233836949833
2018-08-15,-0.007495385348388241
2018-08-16,0.008058672645319474
2018-08-17,0.0035144125069230016
2018-08-20,0.0021378047645979233
2018-08-21,0.00234251094814826
2018-08-22,-0.0005939045637552787
2018-08-23,-0.0013286835068763727
2018-08-24,0.006000134022841042
2018-08-27,0.007864801011592827
2018-08-28,0.0004828575608443837
2018-08-29,0.005365975387342286
2018-08-30,-0.004056502322152511
2018-08-31,3.472260360357919e-05
2018-09-04,-0.0017236486270941237
2018-09-05,-0.0026953223502632472
2018-09-06,-0.0030145321170641846
2018-09-07,-0.0019453034057240466
2018-09-10,0.001737299094477487
2018-09-11,0.003292048313744268
2018-09-12,0.00024183049792553387
2018-09-13,0.005897162014798989
2018-09-14,0.0001721058809054556
2018-09-17,-0.0053085770683310215
2018-09-18,0.005411708522425623
2018-09-19,0.0010647553985869708
2018-09-20,0.008071373198202919
2018-09-21,-0.0009142727720149909
2018-09-24,-0.0033272890097633834
2018-09-25,-0.0009280216059956649
2018-09-26,-0.00299715810223947
2018-09-27,0.0027906444689935637
2018-09-28,0.00010320344560721699
2018-10-01,0.0034677301649691235
2018-10-02,-0.0005827007107369261
2018-10-03,0.0005486538340345258
2018-10-04,-0.007846407446538311
2018-10-05,-0.005612593096161581
2018-10-08,0.0
2018-10-09,-0.0014603967074674935
2018-10-10,-0.03217550644649812
2018-10-11,-0.022272681186121947
2018-10-12,0.013792819650044278
2018-10-15,-0.005632814937679982
2018-10-16,0.021630177951665466
2018-10-17,0.00017831128670059892
2018-10-18,-0.014546547100202492
2018-10-19,-0.000542562228011003
2018-10-22,-0.00449862270094574
2018-10-23,-0.005103838476923632
2018-10-24,-0.0307670586762733
2018-10-25,0.0177815264252985
2018-10-26,-0.017743898907808097
2018-10-29,-0.0055560019846126185
2018-10-30,0.014710032292180944
2018-10-31,0.010624224709199262
2018-11-01,0.010585416972599633
2018-11-02,-0.005940209273031024
2018-11-05,0.005501658445860191
2018-11-06,0.00630795331649886
2018-11-07,0.021182722924306372
2018-11-08,-0.001816455399862764
2018-11-09,-0.009816381729230762
2018-11-12,-0.018861712944471396
2018-11-13,-0.0018730669581261351
2018-11-14,-0.006860230754826852
2018-11-15,0.01038260998519646
2018-11-16,0.002597381600315769
2018-11-19,-0.017059282910708812
2018-11-20,-0.01867958704754763
2018-11-21,0.0034018850137383814
2018-11-23,-0.0067012793775680785
2018-11-26,0.01601532977384939
2018-11-27,0.0033589728457123326
2018-11-28,0.02276427092044205
2018-11-29,-0.002187301474693188
2018-11-30,0.006076445804802437
2018-12-03,0.0131548093425288
2018-12-04,-0.03293908629521294
2018-12-06,-0.0015179122881300675
2018-12-07,-0.02351075032464323
2018-12-10,0.001895279102412656
2018-12-11,0.00022739388133159676
2018-12-12,0.005022607928642546
2018-12-13,-0.0003390472547516269
2018-12-14,-0.018637248059724273
2018-12-17,-0.019813481304599038
2018-12-18,-0.0010972242013328175
2018-12-19,-0.015088838160069703
2018-12-20,-0.01641190613426987
2018-12-21,-0.020702053989034727
2018-12-24,-0.026778618392682883
2018-12-26,0.04929008438136194
2018-12-27,0.007647904330541059
2018-12-28,-0.001290900916855896
2018-12-31,0.008720757359456693
2019-01-02,0.001039719399984218
2019-01-03,-0.024151921792040537
2019-01-04,0.0329467324442922
2019-01-07,0.007853896547215092
2019-01-08,0.009351490826216958
2019-01-09,0.004662589979243645
2019-01-10,0.003521252345286803
2019-01-11,0.0003863440532233198
2019-01-14,-0.006119858418421831
2019-01-15,0.011395828679024864
2019-01-16,0.0024168698536504245
2019-01-17,0.007558042987786493
2019-01-18,0.013222108840441447
2019-01-22,-0.013602733488927054
2019-01-23,0.0020905500047998346
2019-01-24,0.0005312579753274082
2019-01-25,0.008425835031067138
2019-01-28,-0.0076293482311075925
2019-01-29,-0.0013277447752869686
2019-01-30,0.015706671461691763
2019-01-31,0.008744140616166372
2019-02-01,0.0004811740362048234
2019-02-04,0.007010929781009226
2019-02-05,0.004183457775491744
2019-02-06,-0.001319133420230384
2019-02-07,-0.009578759616420315
2019-02-08,0.0012208569043427036
2019-02-11,0.0005540721385615602
2019-02-12,0.012778202039096197
2019-02-13,0.003241143959304036
2019-02-14,-0.002220502343956498
2019-02-15,0.010838235608088987
2019-02-19,0.0017290085667906957
2019-02-20,0.002013527429393978
2019-02-21,-0.0035621002684914707
2019-02-22,0.006180623276255024
2019-02-25,0.0013601725852639662
2019-02-26,-0.0007152372706271907
2019-02-27,-0.0004297891189287959
2019-02-28,-0.0018641308246851417
2019-03-01,0.006224162350162299
2019-03-04,-0.003644243994565425
2019-03-05,-0.00136087856387973
2019-03-06,-0.006075363835586384
2019-03-07,-0.008400433939266655
2019-03-08,-0.002002281473177917
2019-03-11,0.014397483883259524
2019-03-12,0.003763814934647585
2019-03-13,0.0065971666617155615
2019-03-14,-0.0006398810294233864
2019-03-15,0.00492863045950777
2019-03-18,0.003619076458654255
2019-03-19,0.00024755410332185415
2019-03-20,-0.0030142993456259096
2019-03-21,0.01123156605130668
2019-03-22,-0.019433988121371547
2019-03-25,-0.0007521971863999508
2019-03-26,0.007426449400999015
2019-03-27,-0.005242889327066032
2019-03-28,0.0037835126527585704
2019-03-29,0.006285697891482226
2019-04-01,0.011789269486752355
2019-04-02,0.0004896953729474523
2019-04-03,0.001572398642213539
2019-04-04,0.0026498878422692995
2019-04-05,0.004828511190709306
2019-04-08,0.000762227761828527
2019-04-09,-0.005138151001552817
2019-04-10,0.0034050061059950703
2019-04-11,-0.00027731019139114107
2019-04-12,0.00674295128580197
2019-04-15,-0.0006551604425209092
2019-04-16,0.0006551604425208119
2019-04-17,-0.0024497595542863973
2019-04-18,0.0019669042278537543
2019-04-22,0.0008620116517009669
2019-04-23,0.008951692386958874
2019-04-24,-0.0022220979031811615
2019-04-25,-0.0006165071809149759
2019-04-26,0.00464617378273651
2019-04-29,0.0015667031508090055
2019-04-30,0.000509854125645611
2019-05-01,-0.00754440610495186
2019-05-02,-0.002161565077006918
2019-05-03,0.009740442466003632
2019-05-06,-0.004123601331963282
2019-05-07,-0.016841043667166166
2019-05-08,-0.001390231430870013
2019-05-09,-0.0030302076406572734
2019-05-10,0.005011171741476836
2019-05-13,-0.025451606919271636
2019-05-14,0.009003013875441746
2019-05-15,0.0058399859380877306
2019-05-16,0.009218844966941753
2019-05-17,-0.00648623870666749
2019-05-20,-0.00663411564860746
2019-05-21,0.008975643111731393
2019-05-22,-0.0030763766129870813
2019-05-23,-0.012293972587647495
2019-05-24,0.0022661708887991064
2019-05-28,-0.009344055733435212
2019-05-29,-0.0067334357245769135
2019-05-30,0.002727695218885766
2019-05-31,-0.013567123916013814
2019-06-03,-0.002545960202457888
2019-06-04,0.021474299165916887
2019-06-05,0.008624694800372576
2019-06-06,0.006481518965831261
2019-06-07,0.009957327423767395
2019-06-10,0.004578658326538842
2019-06-11,-0.00024250965100292308
2019-06-12,-0.0017666920608725562
2019-06-13,0.004117864515920446
2019-06-14,-0.0011059241487877468
2019-06-17,0.0003805693861341696
2019-06-18,0.010416292032623752
2019-06-19,0.002254816848865427
2019-06-20,0.00950903889963216
2019-06-21,-0.0014546022250309057
2019-06-24,-0.0012250648907784823
2019-06-25,-0.009856775478770018
2019-06-26,-0.0009978250557294947
2019-06-27,0.0035396557422233996
2019-06-28,0.005132752615605844
2019-07-01,0.009037338233372562
2019-07-02,0.002601160358777344
2019-07-03,0.00796321154620014
2019-07-05,-0.0011384578370033818
2019-07-08,-0.0055099421011456165
2019-07-09,0.0012457748708248728
2019-07-10,0.004766793131766912
2019-07-11,0.0023410922120416715
2019-07-12,0.004466995026644381
2019-07-15,0.00033274596226409145
2019-07-16,-0.003230388183536443
2019-07-17,-0.006828136691128716
2019-07-18,0.0036539996101913777
2019-07-19,-0.005570529014550565
2019-07-22,0.002453551938400134
2019-07-23,0.007124847710992874
2019-07-24,0.004688317541914274
2019-07-25,-0.004788503704473657
2019-07-26,0.006677576302653422
2019-07-29,-0.001822822821776359
2019-07-30,-0.0024577472127666287
2019-07-31,-0.011000593428328905
2019-08-01,-0.008746326539462673
2019-08-02,-0.0075581415420172314
2019-08-05,-0.03053419078104205
2019-08-06,0.013925246585782784
2019-08-07,0.0005908251303255593
2019-08-08,0.019430023723513514
2019-08-09,-0.006834798529137012
2019-08-12,-0.012248180397542746
2019-08-13,0.01543194462531295
2019-08-14,-0.03001304861401145
2019-08-15,0.0026381317005995933
2019-08-16,0.014647495513451464
2019-08-19,0.01197507142057677
2019-08-20,-0.007691779892718857
2019-08-21,0.008102630375658981
2019-08-22,-0.000307920787453949
2019-08-23,-0.02602320015740035
2019-08-26,0.010998118999830112
2019-08-27,-0.003931709005725705
2019-08-28,0.007016709639059725
2019-08-29,0.012692582923242003
2019-08-30,-0.0004445816115519713
2019-09-03,-0.005864457395674754
2019-09-04,0.011286490435445296
2019-09-05,0.012773458129348573
2019-09-06,0.000771989363198165
2019-09-09,0.000503091610554498
2019-09-10,-0.00023487991660880333
2019-09-11,0.007085890649641859
2019-09-12,0.0034579223918564835
2019-09-13,-0.000664297612334483
2019-09-16,-0.0030934331317718235
2019-09-17,0.0025290307335211946
2019-09-18,0.0005977896704560987
2019-09-19,-6.63289844169854e-05
2019-09-20,-0.004736346494584092
2019-09-23,-0.00023463524958585764
2019-09-24,-0.007877503922336245
2019-09-25,0.0058973520808306545
2019-09-26,-0.0020856022710176057
2019-09-27,-0.00540168081776552
2019-09-30,0.004627253255162794
2019-10-01,-0.011966367907206754
2019-10-02,-0.017822605638251717
2019-10-03,0.008159596667110197
2019-10-04,0.013441347195698287
2019-10-07,-0.004324015101729134
2019-10-08,-0.01564640182193713
2019-10-09,0.009451542788396753
2019-10-10,0.006740535910712717
2019-10-11,0.010313604061701339
2019-10-14,-0.001114368688770249
2019-10-15,0.009851541453193795
2019-10-16,-0.0016071036506145446
2019-10-17,0.0029446288334938567
2019-10-18,-0.004386618310190535
2019-10-21,0.006755929696624103
2019-10-22,-0.0032718019220068723
2019-10-23,0.002905485754703676
2019-10-24,0.0016327156869321456
2019-10-25,0.004086587221686356
2019-10-28,0.005620685889768808
2019-10-29,-0.00029730485752913025
2019-10-30,0.003063054496955195
2019-10-31,-0.0026669986517669922
2019-11-01,0.009221064280418282
2019-11-04,0.004010156160282429
2019-11-05,-0.001107166775780013
2019-11-06,0.00022811363907299323
2019-11-07,0.0035104996838410483
2019-11-08,0.002462928805572067
2019-11-11,-0.0019113122299082446
2019-11-12,0.002105740985569637
2019-11-13,0.0003234586781048354
2019-11-14,0.0014547572176962528
2019-11-15,0.007210867687056746
2019-11-18,0.0007368124510537517
2019-11-19,-0.00028845851307906595
2019-11-20,-0.0037254603719158227
2019-11-21,-0.001610283831030356
2019-11-22,0.002221234771189127
2019-11-25,0.00772031749064343
2019-11-26,0.0022630074660261613
2019-11-27,0.00444801672527001
2019-11-29,-0.0037158286785220498
2019-12-02,-0.008530987769705612
2019-12-03,-0.0067292374269864825
2019-12-04,0.0061514260441396145
2019-12-05,0.0017962540939709323
2019-12-06,0.009092419926626353
2019-12-09,-0.0031487160234117597
2019-12-10,-0.0011159998079432972
2019-12-11,0.0028348747140550853
2019-12-12,0.008582204413834438
2019-12-13,0.0005987020634980149
2019-12-16,0.006846601870302977
2019-12-17,0.00021910664485604833
2019-12-18,6.262300107181473e-05
2019-12-19,0.004090473362988918
2019-12-20,0.004374664060340789
2019-12-23,0.0015264512574436034
2019-12-24,3.14134480996584e-05
2019-12-26,0.005309081759794716
2019-12-27,-0.00024763178384042616
2019-12-30,-0.005528606472385173
2019-12-31,0.002426523725250161
2020-01-02,0.009308384334404745
2020-01-03,-0.0076012392043722865
2020-01-06,0.003807893390036104
2020-01-07,-0.002815630142796646
2020-01-08,0.005315161645313718
2020-01-09,0.006757792315686101
2020-01-10,-0.0028819739263835735
2020-01-13,0.006853807908139663
2020-01-14,-0.0015254100552993131
2020-01-15,0.0022574103403423906
2020-01-16,0.008283761836236605
2020-01-17,0.0031077786487899548
2020-01-21,-0.001960567259178068
2020-01-22,0.00012092061917856881
2020-01-23,0.0011459591181977903
2020-01-24,-0.00893253849189788
2020-01-27,-0.016159368317654466
2020-01-28,0.01042472444729288
2020-01-29,-0.0008262667042649066
2020-01-30,0.0032400007861934197
2020-01-31,-0.0183246304911941
2020-02-03,0.007400979969417776
2020-02-04,0.015126859943487593
2020-02-05,0.01148145849576083
2020-02-06,0.003359060968189436
2020-02-07,-0.005344137149007132
2020-02-10,0.0074378597317497795
2020-02-11,0.0017316088784008923
2020-02-12,0.0064220762570953984
2020-02-13,-0.0010676012984858468
2020-02-14,0.0016007282218115796
2020-02-18,-0.0025802578718858143
2020-02-19,0.0047696768676442555
2020-02-20,-0.004116550503829898
2020-02-21,-0.010351850232230527
2020-02-24,-0.033727647025969164
2020-02-25,-0.030770722597183976
2020-02-26,-0.0036851753237623517
2020-02-27,-0.04595102667152448
2020-02-28,-0.004210923613699448
2020-03-02,0.0423953260856994
2020-03-03,-0.029050509498636162
2020-03-04,0.041173893818450415
2020-03-05,-0.03380721131490734
2020-03-06,-0.016668833627622875
2020-03-09,-0.08131264665608817
2020-03-10,0.05045071808183017
2020-03-11,-0.04997708677606106
2020-03-12,-0.10056878027819274
2020-03-13,0.08202806125356801
2020-03-16,-0.1158865595682165
2020-03-17,0.052585164210806716
2020-03-18,-0.05195998396010311
2020-03-19,0.002122887890438668
2020-03-20,-0.04405053472538539
2020-03-23,-0.025900553564117343
2020-03-24,0.08673091882261959
2020-03-25,0.014859043711019088
2020-03-26,0.056749062543649656
2020-03-27,-0.03023834940665492
2020-03-30,0.03195945864858635
2020-03-31,-0.015017614499038769
2020-04-01,-0.04604888286695104
2020-04-02,0.022813078883048236
2020-04-03,-0.014559616158603393
2020-04-06,0.06500678277947339
2020-04-07,0.0010189407590560447
2020-04-08,0.03301703610551198
2020-04-09,0.01510304488108914
2020-04-13,-0.009172286770130588
2020-04-14,0.029066394925112735
2020-04-15,-0.02147722464468745
2020-04-16,0.004812553486007954
2020-04-17,0.026657065050894928
2020-04-20,-0.017774841490206267
2020-04-21,-0.03083387853012702
2020-04-22,0.02195165496943826
2020-04-23,-7.165207747231292e-05
2020-04-24,0.013842709833688687
2020-04-27,0.01431527883643243
2020-04-28,-0.004608965290377506
2020-04-29,0.02584191814175841
2020-04-30,-0.009354481213837985
2020-05-01,-0.026829979078462147
2020-05-04,0.0027543054137849463
2020-05-05,0.009196874030706377
2020-05-06,-0.006801595989035114
2020-05-07,0.011994316725815503
2020-05-08,0.016410668480800486
2020-05-11,0.0002052355447319314
2020-05-12,-0.020132695631979464
2020-05-13,-0.01784432440734037
2020-05-14,0.011896710705028764
2020-05-15,0.004585723302879352
2020-05-18,0.030005398482293253
2020-05-19,-0.010324637303351664
2020-05-20,0.016845851768412957
2020-05-21,-0.006928135724117053
2020-05-22,0.0018972519662459315
2020-05-26,0.012245610371536332
2020-05-27,0.014769173434167815
2020-05-28,-0.0018468560666955712
2020-05-29,0.0044460596860680214
2020-06-01,0.0040336655925152865
2020-06-02,0.008246162702306901
2020-06-03,0.013220533222268321
2020-06-04,-0.002630437476691236
2020-06-05,0.025306815617690773
2020-06-08,0.012014826051429634
2020-06-09,-0.0074843598211944955
2020-06-10,-0.005595693138225862
2020-06-11,-0.05937736103561363
2020-06-12,0.011904259932662833
2020-06-15,0.009292752789004901
2020-06-16,0.01906473506209126
2020-06-17,-0.004162731947263577
2020-06-18,0.0003851227124382999
2020-06-19,-0.005731487009427657
2020-06-22,0.006394642243843752
2020-06-23,0.004593159195804449
2020-06-24,-0.025839877849160076
2020-06-25,0.010663859704674193
2020-06-26,-0.024038006267917564
2020-06-29,0.014590298851537741
2020-06-30,0.01272834148108572
2020-07-01,0.0069803092913269344
2020-07-02,0.0054916717482741675
2020-07-06,0.01531952486022461
2020-07-07,-0.01036742880174404
2020-07-08,0.007619306540544876
2020-07-09,-0.005708978024858333
2020-07-10,0.010158654054838788
2020-07-13,-0.00869662704227758
2020-07-14,0.012875977556567771
2020-07-15,0.009145303725398422
2020-07-16,-0.003298679617077665
2020-07-17,0.0028945596780009368
2020-07-20,0.008048990441029151
2020-07-21,0.0021256289145248955
2020-07-22,0.005675565682012439
2020-07-23,-0.012003181014420687
2020-07-24,-0.006461284015530694
2020-07-27,0.007265953241919828
2020-07-28,-0.006362668183406697
2020-07-29,0.012223900915525162
2020-07-30,-0.003574213550722656
2020-07-31,0.00787110765010523
2020-08-03,0.006927672445429337
2020-08-04,0.0038556234059800723
2020-08-05,0.006191424043874488
2020-08-06,0.00666240167187082
2020-08-07,0.0007174137027388469
2020-08-10,0.0029848585047791377
2020-08-11,-0.008288951173756604
2020-08-12,0.013845896242864046
2020-08-13,-0.0018095117648630743
2020-08-14,2.97498992536753e-05
2020-08-17,0.0031716979505987974
2020-08-18,0.0021582104241561918
2020-08-19,-0.0041726002829811865
2020-08-20,0.003108693932598077
2020-08-21,0.003541249447682919
2020-08-24,0.010082159548196495
2020-08-25,0.0034932247130016352
2020-08-26,0.00997524631348608
2020-08-27,0.0021843151388009656
2020-08-28,0.00643881027387022
2020-08-31,-0.0036291608221993743
2020-09-01,0.009374364658504294
2020-09-02,0.014360645834753437
2020-09-03,-0.03502071326344409
2020-09-04,-0.008198005144109437
2020-09-08,-0.0277029733870624
2020-09-09,0.019554691591851817
2020-09-10,-0.01751612293538204
2020-09-11,0.0005088948130701317
2020-09-14,0.013085175706298807
2020-09-15,0.005039666982506212
2020-09-16,-0.003976325969123247
2020-09-17,-0.008834243433359474
2020-09-18,-0.011579456510588925
2020-09-21,-0.011191828692410331
2020-09-22,0.010132787867748776
2020-09-23,-0.02346410765148756
2020-09-24,0.002661845963700779
2020-09-25,0.01603763067983449
2020-09-28,0.016473103758812203
2020-09-29,-0.00546107024668653
2020-09-30,0.007553513471279288
2020-10-01,0.0063993620081449236
2020-10-02,-0.009539818526824229
2020-10-05,0.01757781934327257
2020-10-06,-0.014318156440950287
2020-10-07,0.017256767393794323
2020-10-08,0.008823681455403545
2020-10-09,0.008890582785747902
2020-10-12,0.015959384115132737
2020-10-13,-0.00654740140790205
2020-10-14,-0.006303364361116849
2020-10-15,-0.0012366380453883745
2020-10-16,-0.0006041923647571464
2020-10-19,-0.01532019461381567
2020-10-20,0.003997451747656095
2020-10-21,-0.0018947496389350603
2020-10-22,0.005470603395996474
2020-10-23,0.003389179584142319
2020-10-26,-0.018652591661999087
2020-10-27,-0.0034534884161689294
2020-10-28,-0.03477668208787392
2020-10-29,0.010112210328374885
2020-10-30,-0.01047953190183053
2020-11-02,0.011146133146508214
2020-11-03,0.017502006093740967
2020-11-04,0.02210301385781515
2020-11-05,0.019314915715808643
2020-11-06,-0.0002283785051752821
2020-11-09,0.012487335321658383
2020-11-10,-0.001467652877354093
2020-11-11,0.007401048730341052
2020-11-12,-0.009748038410732568
2020-11-13,0.013749386472043768
2020-11-16,0.012405129469059199
2020-11-17,-0.005392812900101532
2020-11-18,-0.012107642070888722
2020-11-19,0.004201473378924047
2020-11-20,-0.006871531922608532
2020-11-23,0.0059766964184727695
2020-11-24,0.015985068329854014
2020-11-25,-0.0015428955250721243
2020-11-27,0.0027811156221924202
2020-11-30,-0.004437019355829752
2020-12-01,0.010878038819324986
2020-12-02,0.0021016881225520787
2020-12-03,-0.0002727772975606031
2020-12-04,0.008580776773101019
2020-12-07,-0.0020571503868798383
2020-12-08,0.0029218444604153827
2020-12-09,-0.009009170274637136
2020-12-10,-0.00032725234446209285
2020-12-11,-0.0011730265466805688
2020-12-14,-0.004487468663590904
2020-12-15,0.01342891453276398
2020-12-16,0.0015680032966065135
2020-12-17,0.00557647309058809
2020-12-18,-0.0040008293632217825
2020-12-21,-0.003581866912876184
2020-12-22,-0.0016867874246706052
2020-12-23,0.0008981833258956799
2020-12-24,0.0038828619193870552
2020-12-28,0.008553967748882145
2020-12-29,-0.0019095887298258122
2020-12-30,0.0014259858792338915
2020-12-31,0.005067864427675107
2021-01-04,-0.013707451592581297
2021-01-05,0.006863522052133803
2021-01-06,0.0059607365586589085
2021-01-07,0.01474831107829243
2021-01-08,0.0056813277723789905
2021-01-11,-0.006763409521415837
2021-01-12,0.00021122776193114803
2021-01-13,0.0026893148331807734
2021-01-14,-0.003508319410685215
2021-01-15,-0.007319061536338448
2021-01-19,0.007821164567476446
2021-01-20,0.013743849642038095
2021-01-21,0.0009113165263523838
2021-01-22,-0.003545742423044233
2021-01-25,0.003936028257926121
2021-01-26,-0.0015620581108661156
2021-01-27,-0.02474416881186153
2021-01-28,0.008563525474679954
2021-01-29,-0.020223014969543592
2021-02-01,0.016508655982289153
2021-02-02,0.014041247224310726
2021-02-03,0.0007859194076614259
2021-02-04,0.011301565780436446
2021-02-05,0.003928162038823574
2021-02-08,0.007196038229709953
2021-02-09,-0.0006661919963763586
2021-02-10,-0.0004355467185579277
2021-02-11,0.0016136219323749884
2021-02-12,0.004927637219375608
2021-02-16,-0.0008663106671848209
2021-02-17,0.00022939547726546312
2021-02-18,-0.004264950666626661
2021-02-19,-0.0017677138140538464
2021-02-22,-0.0077213274495170755
2021-02-23,0.0012134341993325617
2021-02-24,0.010959302064422145
2021-02-25,-0.024390722697498812
2021-02-26,-0.005166051761446221
2021-03-01,0.023950914234565298
2021-03-02,-0.007833797958772875
2021-03-03,-0.013334110988454259
2021-03-04,-0.012452181187362405
2021-03-05,0.018229527370401885
2021-03-08,-0.00499133033537713
2021-03-09,0.014176567443842849
2021-03-10,0.006205325655721967
2021-03-11,0.010088052494694516
2021-03-12,0.001345984443494084
2021-03-15,0.005945999278180508
2021-03-16,-0.00126227518560716
2021-03-17,0.0034041474072265872
2021-03-18,-0.014656672427022486
2021-03-19,-0.0018519559362706187
2021-03-22,0.007953400090250357
2021-03-23,-0.007902115033545824
2021-03-24,-0.005096413283604886
2021-03-25,0.005609704565422791
2021-03-26,0.01598651519127202
2021-03-29,-0.0005051487289691266
2021-03-30,-0.002656369885810107
2021-03-31,0.004045100331636456
2021-04-01,0.010741100408500065
2021-04-05,0.014251328246325589
2021-04-06,-0.0005908478437134114
2021-04-07,0.001156662807498506
2021-04-08,0.0047355264951945706
2021-04-09,0.007243975248139723
2021-04-12,0.00036436342463565
2021-04-13,0.0029591525337283988
2021-04-14,-0.0034208445191109623
2021-04-15,0.010685169523328009
2021-04-16,0.003336677536221842
2021-04-19,-0.004925184288795847
2021-04-20,-0.007348489082699411
2021-04-21,0.009417669150638571
2021-04-22,-0.009174988020988276
2021-04-23,0.010783906280771905
2021-04-26,0.0020854683724889143
2021-04-27,-0.00021546117808114983
2021-04-28,-0.00028732778142513536
2021-04-29,0.006352410188220304
2021-04-30,-0.006592264477889838
2021-05-03,0.0021545944462895046
2021-05-04,-0.006188413088531549
2021-05-05,0.00031269890568351466
2021-05-06,0.00795398685479115
2021-05-07,0.007251475632132864
2021-05-10,-0.00995165629709534
2021-05-11,-0.008964908592413102
2021-05-12,-0.021474084656691348
2021-05-13,0.011940937421735479
2021-05-14,0.01523870494429156
2021-05-17,-0.0025478790352512592
2021-05-18,-0.008652784653638978
2021-05-19,-0.0026253100925055827
2021-05-20,0.01070058943217722
2021-05-21,-0.0008192928407971932
2021-05-24,0.010142816807475499
2021-05-25,-0.0022213567716696373
2021-05-26,0.0019827487022494876
2021-05-27,0.0005247227310640084
2021-05-28,0.001787198301778156
2021-06-01,-0.0008812811689095075
2021-06-02,0.0015715605454147351
2021-06-03,-0.0037184442235888558
2021-06-04,0.009104237113384513
2021-06-07,-0.0009706387575387594
2021-06-08,0.00021315529416214104
2021-06-09,-0.0014928875174839448
2021-06-10,0.004637469695996638
2021-06-11,0.0016511123200605912
2021-06-14,0.002236509380099957
2021-06-15,-0.0018358636733051832
2021-06-16,-0.005598996445305693
2021-06-17,-0.0003316937838985186
2021-06-18,-0.013582323661863824
2021-06-21,0.014214577814810425
2021-06-22,0.005331905531506156
2021-06-23,-0.0012060678141036744
2021-06-24,0.005898495592559821
2021-06-25,0.0035457357258125593
2021-06-28,0.002013839720421248
2021-06-29,0.0005379496152535746
2021-06-30,0.0008413615766233437
2021-07-01,0.005521313105868803
2021-07-02,0.007614309989182207
2021-07-06,-0.0018230300709226118
2021-07-07,0.003527846125992922
2021-07-08,-0.008181337924812787
2021-07-09,0.010618172316761874
2021-07-12,0.0035754935034523773
2021-07-13,-0.003414794780586914
2021-07-14,0.001491066211813012
2021-07-15,-0.0034211573782093408
2021-07-16,-0.007874766602337355
2021-07-19,-0.014878046612308224
2021-07-20,0.014228834970357977
2021-07-21,0.008063669582768256
2021-07-22,0.002091949440951306
2021-07-23,0.010235518325211334
2021-07-26,0.002451736514737725
2021-07-27,-0.004567933581724422
2021-07-28,-0.0004100995240694077
2021-07-29,0.004138704378002972
2021-07-30,-0.004868375004641192
2021-08-02,-0.0021000221590272154
2021-08-03,0.00810256148446274
2021-08-04,-0.004931058091622337
2021-08-05,0.006312916533390437
2021-08-06,0.001650839642146154
2021-08-09,-0.0008138395311439943
2021-08-10,0.0012431459451687633
2021-08-11,0.0024818848029378063
2021-08-12,0.002992424202786486
2021-08-13,0.001818130292730146
2021-08-16,0.0023520475065705337
2021-08-17,-0.006576976029564672
2021-08-18,-0.011005278722535696
2021-08-19,0.0015473391486282384
2021-08-20,0.007925397017225276
2021-08-23,0.008758213261738644
2021-08-24,0.0015860394729153504
2021-08-25,0.00209627124513152
2021-08-26,-0.005920814372110911
2021-08-27,0.00890123837504019
2021-08-30,0.004387937776453484
2021-08-31,-0.0014826129934175513
2021-09-01,0.0005313283012225824
2021-09-02,0.003071906629880198
2021-09-03,-0.00024284207342470038
2021-09-07,-0.0035818809832700565
2021-09-08,-0.0012189543159012522
2021-09-09,-0.0042894005588542845
2021-09-10,-0.007915921544966956
2021-09-13,0.0025559864319694946
2021-09-14,-0.005411121420773645
2021-09-15,0.008317952009145245
2021-09-16,-0.0015865763365432181
2021-09-17,-0.009788671734639674
2021-09-20,-0.016814867099018173
2021-09-21,-0.0009449984130521289
2021-09-22,0.009707618812673869
2021-09-23,0.01207664944489352
2021-09-24,0.0016459200488101132
2021-09-27,-0.0028652626211863245
2021-09-28,-0.020357461474542878
2021-09-29,0.0016817894786882543
2021-09-30,-0.012297811141475502
2021-10-01,0.01181435050208548
2021-10-04,-0.012980098980491087
2021-10-05,0.010351266515436922
2021-10-06,0.004147451255117313
2021-10-07,0.008608615309701355
2021-10-08,-0.0018254083370373157
2021-10-11,-0.00726624177191633
2021-10-12,-0.0024645225324983213
2021-10-13,0.0035911418038096707
2021-10-14,0.016680758488100314
2021-10-15,0.00758700572241696
2021-10-18,0.0029560340599707278
2021-10-19,0.007685419239799786
2021-10-20,0.003920006866778009
2021-10-21,0.0026048507292080075
2021-10-22,-0.0010367819983918309
2021-10-25,0.005348324642919572
2021-10-26,0.0008996189586936445
2021-10-27,-0.004439878633220954
2021-10-28,0.009602479805227665
2021-10-29,0.0020270761415060075
2021-11-01,0.001718787016999752
2021-11-02,0.004035009597142727
2021-11-03,0.006086698865455032
2021-11-04,0.004701352526996917
2021-11-05,0.003463715080617367
2021-11-08,0.0008534423369380388
2021-11-09,-0.00331098090083009
2021-11-10,-0.008077413681111787
2021-11-11,0.0003234113163079911
2021-11-12,0.007518523891238697
2021-11-15,0.0003424958154984924
2021-11-16,0.0039498871193436045
2021-11-17,-0.002432028810669125
2021-11-18,0.0033905322396765624
2021-11-19,-0.0017899041682732544
2021-11-22,-0.0028190372216266688
2021-11-23,0.0013251144512717837
2021-11-24,0.002666352602693356
2021-11-26,-0.022555589432489323
2021-11-29,0.012191837582256285
2021-11-30,-0.019649542275293676
2021-12-01,-0.011169276885065863
2021-12-02,0.01520021514580637
2021-12-03,-0.008739309638224352
2021-12-06,0.011773515165096128
2021-12-07,0.02047394920897763
2021-12-08,0.0026446031177079746
2021-12-09,-0.006774611544937349
2021-12-10,0.009369461317983673
2021-12-13,-0.008897769842099154
2021-12-14,-0.006903880252159006
2021-12-15,0.015504286506064302
2021-12-16,-0.008857532423801754
2021-12-17,-0.0107000328020919
2021-12-20,-0.010690316396366287
2021-12-21,0.017603049862700077
2021-12-22,0.009949189886161251
2021-12-23,0.006202790620640953
2021-12-27,0.014052897858000398
2021-12-28,-0.0008174719244707992
2021-12-29,0.0012782563907922447
2021-12-30,-0.002768235800168045
2021-12-31,-0.0025233377914269457
2022-01-03,0.0057731495709298026
2022-01-04,-0.0003348291475565952
2022-01-05,-0.019389050892344994
2022-01-06,-0.0009397676646445255
2022-01-07,-0.003961376028922432
2022-01-10,-0.0012451271737587844
2022-01-11,0.009067020606935473
2022-01-12,0.002700001455066363
2022-01-13,-0.013874530573848574
2022-01-14,0.00040898620321520824
2022-01-18,-0.01786833927477363
2022-01-19,-0.010437900251711676
2022-01-20,-0.011129744780109634
2022-01-21,-0.01982576546140135
2022-01-24,0.004237751084373543
2022-01-25,-0.012284355228223132
2022-01-26,-0.0025118436117164376
2022-01-27,-0.004950146981146648
2022-01-28,0.024531905064643166
2022-01-31,0.017850863908600616
2022-02-01,0.00673428869541072
2022-02-02,0.00966715362799643
2022-02-03,-0.023785638073063522
2022-02-04,0.0046912913460907864
2022-02-07,-0.0032144981942502683
2022-02-08,0.008194078247467913
2022-02-09,0.014530172260156262
2022-02-10,-0.0181288971753384
2022-02-11,-0.01991594251305833
2022-02-14,-0.0032746598811360422
2022-02-15,0.01599832686211324
2022-02-16,0.0011201290479548548
2022-02-17,-0.021592797928782086
2022-02-18,-0.006496185033524539
2022-02-22,-0.01078972691173706
2022-02-23,-0.01789775950582702
2022-02-24,0.014936918674426914
2022-02-25,0.021824226485899025
2022-02-28,-0.002561935249923332
2022-03-01,-0.015347336167143344
2022-03-02,0.018229079947332125
2022-03-03,-0.004990849974095174
2022-03-04,-0.008157970884095797
2022-03-07,-0.029922414524523423
2022-03-08,-0.0076106895494620665
2022-03-09,0.026457846076701902
2022-03-10,-0.00452571601511222
2022-03-11,-0.012796597653648836
2022-03-14,-0.007335190337649211
2022-03-15,0.021752235620548434
2022-03-16,0.021931815062757824
2022-03-17,0.012433320009712662
2022-03-18,0.010893134708701355
2022-03-21,-0.0002922771730301207
2022-03-22,0.01163340455767897
2022-03-23,-0.012962066165513823
2022-03-24,0.014961749023825207
2022-03-25,0.004871984705439139
2022-03-28,0.007087657167995717
2022-03-29,0.012295046484560744
2022-03-30,-0.0061940088174832235
2022-03-31,-0.015510942938670343
2022-04-01,0.0028301786605023703
2022-04-04,0.00852996061659178
2022-04-05,-0.012711740294642606
2022-04-06,-0.010049755298839948
2022-04-07,0.005026357988653958
2022-04-08,-0.002677584704760629
2022-04-11,-0.01724004617574829
2022-04-12,-0.003712082087871927
2022-04-13,0.01138838181854553
2022-04-14,-0.012529897113539648
2022-04-18,0.000411248379651823
2022-04-19,0.016013626040217784
2022-04-20,-0.000741534176811523
2022-04-21,-0.015066788048652762
2022-04-22,-0.027822726780404528
2022-04-25,0.00578116134200216
2022-04-26,-0.029388535504373023
2022-04-27,0.002807658383585403
2022-04-28,0.024945788162410585
2022-04-29,-0.037656107652304406
2022-05-02,0.006001793627629038
2022-05-03,0.004573493692826463
2022-05-04,0.029998476045360267
2022-05-05,-0.03619001258129671
2022-05-06,-0.00598667738026933
2022-05-09,-0.03254107332943149
2022-05-10,0.0023078407325731764
2022-05-11,-0.016013563297738096
2022-05-12,-0.0010445651877335246
2022-05-13,0.02362662766042616
2022-05-16,-0.004065866596616706
2022-05-17,0.0203616088754129
2022-05-18,-0.041146609541058504
2022-05-19,-0.0061435331292323215
2022-05-20,0.00043659895397882666
2022-05-23,0.0185371789624141
2022-05-24,-0.00766312331529756
2022-05-25,0.008796333800959072
2022-05-26,0.019784216060023178
2022-05-27,0.02425268723304345
2022-05-31,-0.005626837936409665
2022-06-01,-0.008121437597739515
2022-06-02,0.018864455381471676
2022-06-03,-0.016547636323993115
2022-06-06,0.003039970495116029
2022-06-07,0.009546546951538911
2022-06-08,-0.010931664284243456
2022-06-09,-0.024070229179195633
2022-06-10,-0.02942421684930782
2022-06-13,-0.03870773769219117
2022-06-14,-0.0030180404286104198
2022-06-15,0.01415568631618508
2022-06-16,-0.03365607011401665
2022-06-17,0.0021533040327797732
2022-06-21,0.024862278150126052
2022-06-22,-0.0018147245631842757
2022-06-23,0.009754690093302225
2022-06-24,0.0312992325755481
2022-06-27,-0.003827251013650779
2022-06-28,-0.020644543062408555
2022-06-29,-0.0008145420864896867
2022-06-30,-0.008157588602440813
2022-07-01,0.010521110346003296
2022-07-05,0.0018867029166343885
2022-07-06,0.0033716123233477847
2022-07-07,0.014865949972974279
2022-07-08,-0.0008226955035935328
2022-07-11,-0.011489437224677664
2022-07-12,-0.008888329018735416
2022-07-13,-0.005265443368372045
2022-07-14,-0.002431536970275501
2022-07-15,0.018924930640909374
2022-07-18,-0.008291209736284489
2022-07-19,0.026660555498531507
2022-07-20,0.006353002132265376
2022-07-21,0.01013152645576913
2022-07-22,-0.00932137590923693
2022-07-25,0.0012143608085154263
2022-07-26,-0.011901655997455057
2022-07-27,0.025635073829695477
2022-07-28,0.012464286971159394
2022-07-29,0.014473455776115427
2022-08-01,-0.002965605656988959
2022-08-02,-0.006619163572691193
2022-08-03,0.015537942752898099
2022-08-04,-0.0006756357220991129
2022-08-05,-0.0016915925619653451
2022-08-08,-0.0011616030061881982
2022-08-09,-0.003978989635947746
2022-08-10,0.020786480154144762
2022-08-11,0.0
2022-08-12,0.01678732752042019
2022-08-15,0.0041122266152968465
2022-08-16,0.0019569706340075528
2022-08-17,-0.007123301091467654
2022-08-18,0.002902159617722208
2022-08-19,-0.013529192208645045
2022-08-22,-0.021042333507856562
2022-08-23,-0.0024221504852694263
2022-08-24,0.0031960538501036827
2022-08-25,0.014018679236261931
2022-08-26,-0.03443522850866885
2022-08-29,-0.006633864125416189
2022-08-30,-0.011038674519366402
2022-08-31,-0.00763828800010278
2022-09-01,0.0031330724296665053
2022-09-02,-0.010600380260480645
2022-09-06,-0.0037803198767249135
2022-09-07,0.01780561192990698
2022-09-08,0.006515017164167003
2022-09-09,0.015415507153598892
2022-09-12,0.01069057268046627
2022-09-13,-0.04445648047662088
2022-09-14,0.003808827131383046
2022-09-15,-0.011418154016149817
2022-09-16,-0.007658325723524899
2022-09-19,0.0077250608737782205
2022-09-20,-0.0115448594267694
2022-09-21,-0.0175978564491827
2022-09-22,-0.008435225428647627
2022-09-23,-0.016896769437135483
2022-09-26,-0.009941963884140372
2022-09-27,-0.00255595343803739
2022-09-28,0.019485246259418342
2022-09-29,-0.02111027108022547
2022-09-30,-0.015584100454036373
2022-10-03,0.02605836821502824
2022-10-04,0.030516465687929532
2022-10-05,-0.0023310945601217486
2022-10-06,-0.010369415768347184
2022-10-07,-0.028290223120452544
2022-10-10,-0.0076645964708266685
2022-10-11,-0.006353222000058622
2022-10-12,-0.0033037925580560144
2022-10-13,0.026048894144145407
2022-10-14,-0.023052543492646398
2022-10-17,0.02537239741549937
2022-10-18,0.011681138733484323
2022-10-19,-0.007111605172970603
2022-10-20,-0.008420593901920195
2022-10-21,0.024010516915817508
2022-10-24,0.012162426591856398
2022-10-25,0.015842356043452018
2022-10-26,-0.0075627400739976735
2022-10-27,-0.005354032707731817
2022-10-28,0.023511965486940383
2022-10-31,-0.007249585894436181
2022-11-01,-0.0043854978817303054
2022-11-02,-0.025416469881040474
2022-11-03,-0.01034999355456829
2022-11-04,0.014290421818770962
2022-11-07,0.009519923476604061
2022-11-08,0.005381089408319912
2022-11-09,-0.020817280119106885
2022-11-10,0.05349724325662015
2022-11-11,0.009632090942265631
2022-11-14,-0.008543265476322231
2022-11-15,0.008493164931080249
2022-11-16,-0.007658329856104613
2022-11-17,-0.0030645561653629477
2022-11-18,0.0045304261193746444
2022-11-21,-0.0036429683533405685
2022-11-22,0.013367203651022664
2022-11-23,0.006281963134923545
2022-11-25,-0.00022367761601871792
2022-11-28,-0.0160857696773681
2022-11-29,-0.001719019668854127
2022-11-30,0.031014775363845327
2022-12-01,-0.0007363434320897422
2022-12-02,-0.0011540088238682778
2022-12-05,-0.018153335924340482
2022-12-06,-0.014519725134391792
2022-12-07,-0.0017024724159559685
2022-12-08,0.007803380411573682
2022-12-09,-0.007498172997328109
2022-12-12,0.014314227978380953
2022-12-13,0.007541332545528213
2022-12-14,-0.006413978865841543
2022-12-15,-0.024766091546907582
2022-12-16,-0.011876327255593433
2022-12-19,-0.008515743185405834
2022-12-20,0.001367551691978625
2022-12-21,0.014841596803752652
2022-12-22,-0.014368761176216742
2022-12-23,0.0057356741357663995
2022-12-27,-0.0039512731947726
2022-12-28,-0.012505766482622808
2022-12-29,0.017840357940749018
2022-12-30,-0.002637630046214961
2023-01-03,-0.004218726152639946
2023-01-04,0.007690591749436481
2023-01-05,-0.011479140567882498
2023-01-06,0.02267307581242391
2023-01-09,-0.000566913154319996
2023-01-10,0.006988235274416981
2023-01-11,0.01256879965552164
2023-01-12,0.0036338293894552674
2023-01-13,0.003872133129283416
2023-01-17,-0.0018336226854317821
2023-01-18,-0.01591388806588272
2023-01-19,-0.007306391208311326
2023-01-20,0.01845759538283221
2023-01-23,0.011927090915870735
2023-01-24,-0.0010740081878727102
2023-01-25,0.00037491597645831744
2023-01-26,0.010930391029701746
2023-01-27,0.002295170453450758
2023-01-30,-0.012626320992016571
2023-01-31,0.01459629898038962
2023-02-01,0.01057186134509486
2023-02-02,0.014451912088296477
2023-02-03,-0.010685968230675398
2023-02-06,-0.006130076544655478
2023-02-07,0.012993710524478688
2023-02-08,-0.010994800243589004
2023-02-09,-0.008707015202708163
2023-02-10,0.002331010377066321
2023-02-13,0.011670523224082841
2023-02-14,-0.00046020831564771146
2023-02-15,0.003242096721854823
2023-02-16,-0.013864461296904688
2023-02-17,-0.002501433171447067
2023-02-21,-0.020264866734623063
2023-02-22,-0.0013791407597050407
2023-02-23,0.005305370444174738
2023-02-24,-0.010739870150780838
2023-02-27,0.003400011758793615
2023-02-28,-0.003702889585073276
2023-03-01,-0.0038430733796232914
2023-03-02,0.007746932632042754
2023-03-03,0.015910721166678753
2023-03-06,0.0006925312977812259
2023-03-07,-0.015447463603704149
2023-03-08,0.0016307933652849047
2023-03-09,-0.018622317029626016
2023-03-10,-0.014534507012977252
2023-03-13,-0.0014263587812412338
2023-03-14,0.01639511183599385
2023-03-15,-0.006274035773499408
2023-03-16,0.017393199432110415
2023-03-17,-0.0117617234129944
2023-03-20,0.009569607801578344
2023-03-21,0.01304511439313849
2023-03-22,-0.017193422506550995
2023-03-23,0.002699748536001903
2023-03-24,0.0065406173615855205
2023-03-27,0.0018679594196327914
2023-03-28,-0.002246990970593691
2023-03-29,0.014430105166314846
2023-03-30,0.005838198797183397
2023-03-31,0.013996306673003212
2023-04-03,0.003803261213048989
2023-04-04,-0.005563550749024847
2023-04-05,-0.002621816030900547
2023-04-06,0.003893438400684854
2023-04-10,0.0010257400762048998
2023-04-11,0.0002685827075054273
2023-04-12,-0.004084232658567287
2023-04-13,0.013195339767645038
2023-04-14,-0.002445870836177205
2023-04-17,0.003581800105209134
2023-04-18,0.0006521231275768121
2023-04-19,-0.00016898570247837386
2023-04-20,-0.0054720477114906544
2023-04-21,0.0007765418000558119
2023-04-24,0.0010427042234366945
2023-04-25,-0.016001186929416038
2023-04-26,-0.004244723286703471
2023-04-27,0.019712539150067137
2023-04-28,0.008498997390528824
2023-05-01,-0.0010102222423563796
2023-05-02,-0.011302795341482577
2023-05-03,-0.006887847558365366
2023-05-04,-0.007108050613462252
2023-05-05,0.018343289431190374
2023-05-08,0.00026661720215925865
2023-05-09,-0.004395100408495261
2023-05-10,0.00466149333381033
2023-05-11,-0.001745524155514195
2023-05-12,-0.001311107107917505
2023-05-15,0.003444103588881391
2023-05-16,-0.0067049736174914845
2023-05-17,0.012065744779009418
2023-05-18,0.009587199817934036
2023-05-19,-0.001456140927367337
2023-05-22,0.00040592141242139934
2023-05-23,-0.01128617561014368
2023-05-24,-0.007271182190996507
2023-05-25,0.008622508220522341
2023-05-26,0.012867478631449304
2023-05-30,0.00038100978743637205
2023-05-31,-0.005560585634575955
2023-06-01,0.009455995621587302
2023-06-02,0.014357680622155132
2023-06-05,-0.001918043907157429
2023-06-06,0.00217506194949481
2023-06-07,-0.0034637629807503663
2023-06-08,0.006030316722451914
2023-06-09,0.0017926762662889217
2023-06-12,0.00903105313850467
2023-06-13,0.006571318335697703
2023-06-14,0.0011900872167455309
2023-06-15,0.012321507218704019
2023-06-16,-0.0034122119830816153
2023-06-20,-0.005201546301586702
2023-06-21,-0.005136878504791735
2023-06-22,0.0036031097644888496
2023-06-23,-0.007588674690927238
2023-06-26,-0.004094042325384934
2023-06-27,0.010903535492957693
2023-06-28,0.0005043347945184239
2023-06-29,0.0039336361987403375
2023-06-30,0.011731515691614163
2023-07-03,0.0011498836748838894
2023-07-05,-0.0014882947174229815
2023-07-06,-0.007861455431912088
2023-07-07,-0.0025279844124223455
2023-07-10,0.002527984412422342
2023-07-11,0.006348367662364242
2023-07-12,0.008013826684082105
2023-07-13,0.007905469322717316
2023-07-14,-0.0006230817013851402
2023-07-17,0.0034662220517089337
2023-07-18,0.0074031052044441145
2023-07-19,0.002221216540430068
2023-07-20,-0.006656625145021878
2023-07-21,0.0
2023-07-24,0.004457469694525767
2023-07-25,0.0027262754103090643
2023-07-26,0.00015371693741174678
2023-07-27,-0.006652009873342859
2023-07-28,0.009742706053792089
2023-07-31,0.0019022649958251223
2023-08-01,-0.0028656279249203945
2023-08-02,-0.014008651767893194
2023-08-03,-0.0028698853654503917
2023-08-04,-0.004533034742420863
2023-08-07,0.00869059920903647
2023-08-08,-0.004358152237900319
2023-08-09,-0.006707596578628895
2023-08-10,0.0003588935093074718
2023-08-11,-0.000583355759676253
2023-08-14,0.005504948498068413
2023-08-15,-0.011717372377596883
2023-08-16,-0.007365126840118112
2023-08-17,-0.007649051867436956
2023-08-18,0.00048116875835530366
2023-08-21,0.006485268206597296
2023-08-22,-0.002712403410391665
2023-08-23,0.011076193868100126
2023-08-24,-0.013955929078498384
2023-08-25,0.007025013340932083
2023-08-28,0.006321420665109393
2023-08-29,0.014351166074961534
2023-08-30,0.004110455447436129
2023-08-31,-0.0014644517608048474
2023-09-01,0.0018633678403626919
2023-09-05,-0.0043312008691956845
2023-09-06,-0.006745165021793759
2023-09-07,-0.0030749656036680143
2023-09-08,0.0015050353994545435
2023-09-11,0.006554934863992824
2023-09-12,-0.00550055190968848
2023-09-13,0.0011652709107968806
2023-09-14,0.008585453619394879
2023-09-15,-0.012121535445480754
2023-09-18,0.0005864176208307319
2023-09-19,-0.002076131466654011
2023-09-20,-0.009235768011919285
2023-09-21,-0.016666652467418094
2023-09-22,-0.0022510113438973917
2023-09-25,0.004196412474790122
2023-09-26,-0.014800232965445807
2023-09-27,0.00039907757148365664
2023-09-28,0.0057807422342497335
2023-09-29,-0.0024299597833864254
2023-10-02,-0.0003977423217053844
2023-10-03,-0.013476571901256734
2023-10-04,0.007255833996287113
2023-10-05,-0.00037708429833792335
2023-10-06,0.011802957845839847
2023-10-09,0.00638179213484144
2023-10-10,0.005191283037477434
2023-10-11,0.004087985632390704
2023-10-12,-0.006115129033988591
2023-10-13,-0.004993273766108534
2023-10-16,0.010466432830132691
2023-10-17,-4.587077181837563e-05
2023-10-18,-0.013414656237831184
2023-10-19,-0.008825250648904595
2023-10-20,-0.012364160239624099
2023-10-23,-0.001734815219119478
2023-10-24,0.007511284668565201
2023-10-25,-0.01445628418569932
2023-10-26,-0.012046904747822594
2023-10-27,-0.004543056010262824
2023-10-30,0.01188499443906694
2023-10-31,0.0062606486893448865
2023-11-01,0.010608161239138608
2023-11-02,0.01898304039487455
2023-11-03,0.009081967731502544
2023-11-06,0.0022978944837249455
2023-11-07,0.0028420207278879507
2023-11-08,0.000732080677941462
2023-11-09,-0.007829247039409399
2023-11-10,0.015484230004381374
2023-11-13,-0.0009535138854319884
2023-11-14,0.019214709949555712
2023-11-15,0.002114992358626945
2023-11-16,0.0012223030347303758
2023-11-17,0.0012430303309775713
2023-11-20,0.007668136570970697
2023-11-21,-0.00218182506111618
2023-11-22,0.0038534259767808677
2023-11-24,0.0006152000970515293
2023-11-27,-0.0018025200257502222
2023-11-28,0.0009895311459076866
2023-11-29,-0.0007036197211700946
2023-11-30,0.003929602351004407
2023-12-01,0.005898463956772456
2023-12-04,-0.005263259729917039
2023-12-05,-0.00019713422460082745
2023-12-06,-0.004037791122356512
2023-12-07,0.007601379906494827
2023-12-08,0.004290055103688823
2023-12-11,0.0038819622375864888
2023-12-12,0.004556798618578747
2023-12-13,0.013696015260530565
2023-12-14,0.003204211501080415
2023-12-15,-0.0016478961933020257
2023-12-18,0.005609308377309131
2023-12-19,0.006062456426271554
2023-12-20,-0.013954219736642869
2023-12-21,0.009437372026173781
2023-12-22,0.0020076081962526445
2023-12-26,0.004213639794743108
2023-12-27,0.0018064436030427818
2023-12-28,0.000377678695196352
2023-12-29,-0.002899232391242228
2024-01-02,-0.005612059473188315
2024-01-03,-0.008200244995291168
2024-01-04,-0.003226324484203205
2024-01-05,0.0013687859011086443
2024-01-08,0.014175030912091297
2024-01-09,-0.001518166972948231
2024-01-10,0.005639399536939017
2024-01-11,-0.0004407373860386804
2024-01-12,0.000692556366135113
2024-01-16,-0.0036780741094674333
2024-01-17,-0.005574052612098163
2024-01-18,0.008853373108380412
2024-01-19,0.012389081391813139
2024-01-22,0.0021121919435228135
2024-01-23,0.0029121473886210957
2024-01-24,0.0010926268123043546
2024-01-25,0.00542415245285573
2024-01-26,-0.001271218915774546
2024-01-29,0.007888211940503374
2024-01-30,-0.0007737765113254399
2024-01-31,-0.016451918584924577
2024-02-01,0.013003312640515675
2024-02-02,0.010472361950374588
2024-02-05,-0.0036478236647667964
2024-02-06,0.002899001594297009
2024-02-07,0.008305878436990563
2024-02-08,0.00044151521656787297
2024-02-09,0.005762773131074954
2024-02-12,-0.00043897762480749064
2024-02-13,-0.013868819650833223
2024-02-14,0.009046623516724646
2024-02-15,0.006876005571849264
2024-02-16,-0.004992377997378393
2024-02-20,-0.0055206010872481965
2024-02-21,0.0009055312491079743
2024-02-22,0.020484157876898584
2024-02-23,0.0006894717424796058
2024-02-26,-0.00366933837157959
2024-02-27,0.0018560928657409478
2024-02-28,-0.0013226228301625154
2024-02-29,0.003588543351056355
2024-03-01,0.009344453938466413
2024-03-04,-0.0010729763687025657
2024-03-05,-0.010044377765693257
2024-03-06,0.005054431487478659
2024-03-07,0.0098774270453712
2024-03-08,-0.006020213916669287
2024-03-11,-0.0008601483153494911
2024-03-12,0.010699917409865612
2024-03-13,-0.0015687633335631774
2024-03-14,-0.001978692353313652
2024-03-15,-0.006890285406722734
2024-03-18,0.005925516585513057
2024-03-19,0.005541689298832335
2024-03-20,0.009206720030403083
2024-03-21,0.0032993038273882802
2024-03-22,-0.0018975608196115247
2024-03-25,-0.002766586689553554
2024-03-26,-0.001848752669900972
2024-03-27,0.008368790477774089
2024-03-28,-0.0001910603659427292
2024-04-01,-0.0017414871892539657
2024-04-02,-0.006378258032101779
2024-04-03,0.0010976534213524662
2024-04-04,-0.01228101412484006
2024-04-05,0.01039255369112759
2024-04-08,0.0005591477750297446
2024-04-09,0.001156199102300471
2024-04-10,-0.010063468110329266
2024-04-11,0.007518412263917886
2024-04-12,-0.01389921423126161
2024-04-15,-0.012607293353355373
2024-04-16,-0.001825452789759454
2024-04-17,-0.005935739029825513
2024-04-18,-0.0020599100487366387
2024-04-19,-0.008766694416418372
2024-04-22,0.009167100518535738
2024-04-23,0.011796686720279378
2024-04-24,-0.00047466042274832003
2024-04-25,-0.0038061591718488263
2024-04-26,0.009429245051801026
2024-04-29,0.0035352194838308465
2024-04-30,-0.01596803571766259
2024-05-01,-0.0032524717352950525
2024-05-02,0.00930994327964335
2024-05-03,0.012319172198751718
2024-05-06,0.010273820847976862
2024-05-07,0.001102896482934334
2024-05-08,9.656991738832673e-05
2024-05-09,0.005745311462690131
2024-05-10,0.0012873626019422667
2024-05-13,0.00013436658966550042
2024-05-14,0.004577593159699149
2024-05-15,0.01230703659154253
2024-05-16,-0.0020597096674934215
2024-05-17,0.001436577652657454
2024-05-20,0.0011514245632907216
2024-05-21,0.002449673880448063
2024-05-22,-0.002883700465006598
2024-05-23,-0.0073309558317456265
2024-05-24,0.006594597628208351
2024-05-28,0.0006986999579951777
2024-05-29,-0.007027197949225462
2024-05-30,-0.006655811106219826
2024-05-31,0.009066798264163282
2024-06-03,0.0008150913718143346
2024-06-04,0.0011171446842782363
2024-06-05,0.011815056785247907
2024-06-06,-1.8541883754444507e-05
2024-06-07,-0.0012164687190006306
2024-06-10,0.003085136957695701
2024-06-11,0.002405167523772384
2024-06-12,0.008179578546675037
2024-06-13,0.0020114376336809923
2024-06-14,0.0006082030144555557
2024-06-17,0.007927295310163287
2024-06-18,0.00253774281075993
2024-06-20,-0.0027203315503061755
2024-06-21,-0.0013416016869592193
2024-06-24,-0.0032559715139938547
2024-06-25,0.003843500210572637
2024-06-26,0.0012472823126900294
2024-06-27,0.0015752038872143463
2024-06-28,-0.003942728987985746
2024-07-01,0.0020558788316885758
2024-07-02,0.00670721557957265
2024-07-03,0.004452549659429792
2024-07-05,0.005749981075778387
2024-07-08,0.0011533816753576437
2024-07-09,0.0009720447583746054
2024-07-10,0.009846442509813357
2024-07-11,-0.008659880491193954
2024-07-12,0.006287755180392776
2024-07-15,0.0027462915499184156
2024-07-16,0.0059125758249786225
2024-07-17,-0.014120280760694888
2024-07-18,-0.007714655129054446
2024-07-19,-0.006662544796276134
2024-07-22,0.010256910255452181
2024-07-23,-0.0015696267445562545
2024-07-24,-0.022923337048273065
2024-07-25,-0.005223946605495554
2024-07-26,0.011137315923560123
2024-07-29,0.0005877183471443051
2024-07-30,-0.005079347169750232
2024-07-31,0.016123998047020565
2024-08-01,-0.014262270626144762
2024-08-02,-0.018793885828242395
2024-08-05,-0.02955613851645746
2024-08-06,0.009177280092344215
2024-08-07,-0.0067065603172159465
2024-08-08,0.022854166493455896
2024-08-09,0.004399878642851769
2024-08-12,0.000525404888303101
2024-08-13,0.01631174094828999
2024-08-14,0.0031499921813696744
2024-08-15,0.01699507207354462
2024-08-16,0.002239319302968186
2024-08-19,0.009516144069743208
2024-08-20,-0.0016275621393530874
2024-08-21,0.0034306459558253797
2024-08-22,-0.007879448225536814
2024-08-23,0.01056925843312799
2024-08-26,-0.002386545890797862
2024-08-27,0.0013721850214660238
2024-08-28,-0.005822403669360117
2024-08-29,8.971966284772191e-05
2024-08-30,0.009500757835537861
2024-09-03,-0.020793878649150967
2024-09-04,-0.002048803143139131
2024-09-05,-0.002435032952341408
2024-09-06,-0.016973581773335997
2024-09-09,0.011133973459028597
2024-09-10,0.004346179850665717
2024-09-11,0.010206826630734429
2024-09-12,0.008388157276367606
2024-09-13,0.005208929792221651
2024-09-16,0.0014758816086318557
2024-09-17,0.00040858745176054414
2024-09-18,-0.002970338121714968
2024-09-19,0.016920438754682927
2024-09-20,-0.0017299951074902689
2024-09-23,0.0024956623114351256
2024-09-24,0.002857284441057367
2024-09-25,-0.002208063784737316
2024-09-26,0.003956871887441299
2024-09-27,-0.0014513631827173794
2024-09-30,0.003999257851016601
2024-10-01,-0.00899869817089367
2024-10-02,0.0004218238562318381
2024-10-03,-0.001829771818537629
2024-10-04,0.009046248361822076
2024-10-07,-0.009081603418804821
2024-10-08,0.00941309330669568
2024-10-09,0.006902636733385661
2024-10-10,-0.0017515515096106415
2024-10-11,0.005970232281506216
2024-10-14,0.008145150605481091
2024-10-15,-0.0078000153497064136
2024-10-16,0.0043371029936550105
2024-10-17,8.575889498419524e-05
2024-10-18,0.003839157457700248
2024-10-21,-0.0016435335696167444
2024-10-22,-0.000531273100721333
2024-10-23,-0.009179502707757447
2024-10-24,0.0021605043182327255
2024-10-25,-0.0003454570533297278
2024-10-28,0.003086584440748128
2024-10-29,0.0016170504622095147
2024-10-30,-0.0030297780102674695
2024-10-31,-0.01979766206892241
2024-11-01,0.0042114069729401885
2024-11-04,-0.0021561140789128647
2024-11-05,0.012019202291168554
2024-11-06,0.024561536984304518
2024-11-07,0.007702333505266537
2024-11-08,0.004322551935331229
2024-11-11,0.0009522630994729253
2024-11-12,-0.003111307314593902
2024-11-13,0.00048578171050621643
2024-11-14,-0.006451009075441156
2024-11-15,-0.01289133652374134
2024-11-18,0.004089063467227235
2024-11-19,0.0036488696140839624
2024-11-20,0.0003387635937938198
2024-11-21,0.005353842362931889
2024-11-22,0.0030947069072720513
2024-11-25,0.003386329321461947
2024-11-26,0.005207984201247618
2024-11-27,-0.0030347626024327637
2024-11-29,0.006192898904619411
2024-12-02,0.0017907087061851583
2024-12-03,0.0004636436459357309
2024-12-04,0.00619041988224006
2024-12-05,-0.001646960376887129
2024-12-06,0.0018937859399091753
2024-12-09,-0.00516297408766687
2024-12-10,-0.0031138967219160475
2024-12-11,0.007700951696429787
2024-12-12,-0.005165956095348787
2024-12-13,-0.00019851067839354023
2024-12-16,0.004260851101218353
2024-12-17,-0.004128574625965945
2024-12-18,-0.0302566584899349
2024-12-19,-0.0003071615056291644
2024-12-20,0.011939495834997458
2024-12-23,0.00597045114423605
2024-12-24,0.011053589210689947
2024-12-26,6.664834952050206e-05
2024-12-27,-0.01058239336810517
2024-12-30,-0.01147717199702405
